FIPS County Code,avg_prem,id,county
1001,24.58,1001,Autauga AL
1003,24.66,1003,Baldwin AL
1005,24.66,1005,Barbour AL
1007,24.88,1007,Bibb AL
1009,24.88,1009,Blount AL
1011,24.66,1011,Bullock AL
1013,24.66,1013,Butler AL
1015,24.28,1015,Calhoun AL
1017,24.66,1017,Chambers AL
1019,24.66,1019,Cherokee AL
1021,24.88,1021,Chilton AL
1023,24.66,1023,Choctaw AL
1025,24.66,1025,Clarke AL
1027,24.66,1027,Clay AL
1029,24.66,1029,Cleburne AL
1031,24.66,1031,Coffee AL
1033,24.78,1033,Colbert AL
1035,24.66,1035,Conecuh AL
1037,24.66,1037,Coosa AL
1039,24.66,1039,Covington AL
1041,24.66,1041,Crenshaw AL
1043,24.66,1043,Cullman AL
1045,24.66,1045,Dale AL
1047,24.66,1047,Dallas AL
1049,24.66,1049,De Kalb AL
1051,24.58,1051,Elmore AL
1053,24.66,1053,Escambia AL
1055,24.7,1055,Etowah AL
1057,24.66,1057,Fayette AL
1059,24.66,1059,Franklin AL
1061,24.28,1061,Geneva AL
1063,24.77,1063,Greene AL
1065,24.77,1065,Hale AL
1067,24.28,1067,Henry AL
1069,24.28,1069,Houston AL
1071,24.66,1071,Jackson AL
1073,24.88,1073,Jefferson AL
1075,24.66,1075,Lamar AL
1077,24.78,1077,Lauderdale AL
1079,24.78,1079,Lawrence AL
1081,24.28,1081,Lee AL
1083,24.83,1083,Limestone AL
1085,24.58,1085,Lowndes AL
1087,24.66,1087,Macon AL
1089,24.83,1089,Madison AL
1091,24.66,1091,Marengo AL
1093,24.66,1093,Marion AL
1095,24.66,1095,Marshall AL
1097,24.92,1097,Mobile AL
1099,24.66,1099,Monroe AL
1101,24.58,1101,Montgomery AL
1103,24.78,1103,Morgan AL
1105,24.66,1105,Perry AL
1107,24.66,1107,Pickens AL
1109,24.66,1109,Pike AL
1111,24.66,1111,Randolph AL
1113,24.28,1113,Russell AL
1115,24.88,1115,Saint Clair AL
1117,24.88,1117,Shelby AL
1119,24.66,1119,Sumter AL
1121,24.66,1121,Talladega AL
1123,24.66,1123,Tallapoosa AL
1125,24.77,1125,Tuscaloosa AL
1127,24.88,1127,Walker AL
1129,24.66,1129,Washington AL
1131,24.66,1131,Wilcox AL
1133,24.66,1133,Winston AL
2013,52.54,2013,Aleutians East AK
2016,52.54,2016,Aleutians West AK
2020,48.67,2020,Anchorage AK
2050,52.54,2050,Bethel AK
2060,52.54,2060,Bristol Bay AK
2068,52.54,2068,Denali AK
2070,52.54,2070,Dillingham AK
2090,52.54,2090,Fairbanks North Star AK
2100,51.75,2100,Haines AK
2105,51.75,2105,Hoonah Angoon AK
2110,51.75,2110,Juneau AK
2122,52.54,2122,Kenai Peninsula AK
2130,51.75,2130,Ketchikan Gateway AK
2150,52.54,2150,Kodiak Island AK
2164,52.54,2164,Lake And Peninsula AK
2170,48.67,2170,Matanuska Susitna AK
2180,52.54,2180,Nome AK
2185,52.54,2185,North Slope AK
2188,52.54,2188,Northwest Arctic AK
2195,51.75,2195,Petersburg AK
2198,51.75,2198,Prince Of Wales Hyder AK
2220,51.75,2220,Sitka AK
2230,51.75,2230,Skagway AK
2240,52.54,2240,Southeast Fairbanks AK
2261,52.54,2261,Valdez Cordova AK
2270,52.54,2270,Wade Hampton AK
2275,51.75,2275,Wrangell AK
2282,52.54,2282,Yakutat AK
2290,52.54,2290,Yukon Koyukuk AK
4001,29.83,4001,Apache AZ
4003,29.98,4003,Cochise AZ
4005,29.83,4005,Coconino AZ
4007,29.43,4007,Gila AZ
4009,29.98,4009,Graham AZ
4011,29.98,4011,Greenlee AZ
4012,30.08,4012,La Paz AZ
4013,30.76,4013,Maricopa AZ
4015,29.78,4015,Mohave AZ
4017,29.83,4017,Navajo AZ
4019,30.23,4019,Pima AZ
4021,29.43,4021,Pinal AZ
4023,30.23,4023,Santa Cruz AZ
4025,29.16,4025,Yavapai AZ
4027,30.08,4027,Yuma AZ
5001,26.26,5001,Arkansas AR
5003,26.26,5003,Ashley AR
5005,28.3,5005,Baxter AR
5007,28.3,5007,Benton AR
5009,28.3,5009,Boone AR
5011,26.26,5011,Bradley AR
5013,26.26,5013,Calhoun AR
5015,28.3,5015,Carroll AR
5017,26.26,5017,Chicot AR
5019,27.06,5019,Clark AR
5021,27.69,5021,Clay AR
5023,28.05,5023,Cleburne AR
5025,26.26,5025,Cleveland AR
5027,26.26,5027,Columbia AR
5029,28.05,5029,Conway AR
5031,27.69,5031,Craighead AR
5033,27.11,5033,Crawford AR
5035,27.69,5035,Crittenden AR
5037,27.69,5037,Cross AR
5039,26.26,5039,Dallas AR
5041,26.26,5041,Desha AR
5043,26.26,5043,Drew AR
5045,28.05,5045,Faulkner AR
5047,27.11,5047,Franklin AR
5049,27.69,5049,Fulton AR
5051,27.06,5051,Garland AR
5053,28.05,5053,Grant AR
5055,27.69,5055,Greene AR
5057,26.26,5057,Hempstead AR
5059,27.06,5059,Hot Spring AR
5061,26.26,5061,Howard AR
5063,27.69,5063,Independence AR
5065,27.69,5065,Izard AR
5067,27.69,5067,Jackson AR
5069,26.26,5069,Jefferson AR
5071,27.11,5071,Johnson AR
5073,26.26,5073,Lafayette AR
5075,27.69,5075,Lawrence AR
5077,26.26,5077,Lee AR
5079,26.26,5079,Lincoln AR
5081,26.26,5081,Little River AR
5083,27.11,5083,Logan AR
5085,28.05,5085,Lonoke AR
5087,28.3,5087,Madison AR
5089,28.3,5089,Marion AR
5091,26.26,5091,Miller AR
5093,27.69,5093,Mississippi AR
5095,26.26,5095,Monroe AR
5097,27.06,5097,Montgomery AR
5099,26.26,5099,Nevada AR
5101,28.3,5101,Newton AR
5103,26.26,5103,Ouachita AR
5105,28.05,5105,Perry AR
5107,26.26,5107,Phillips AR
5109,27.06,5109,Pike AR
5111,27.69,5111,Poinsett AR
5113,27.11,5113,Polk AR
5115,28.05,5115,Pope AR
5117,28.05,5117,Prairie AR
5119,28.05,5119,Pulaski AR
5121,27.69,5121,Randolph AR
5123,27.69,5123,Saint Francis AR
5125,28.05,5125,Saline AR
5127,27.11,5127,Scott AR
5129,28.3,5129,Searcy AR
5131,27.11,5131,Sebastian AR
5133,26.26,5133,Sevier AR
5135,27.69,5135,Sharp AR
5137,27.69,5137,Stone AR
5139,26.26,5139,Union AR
5141,28.05,5141,Van Buren AR
5143,28.3,5143,Washington AR
5145,28.05,5145,White AR
5147,27.69,5147,Woodruff AR
5149,28.05,5149,Yell AR
10001,26.88,10001,Kent DE
10003,26.88,10003,New Castle DE
10005,26.88,10005,Sussex DE
12001,23.32,12001,Alachua FL
12003,23.93,12003,Baker FL
12005,24.1,12005,Bay FL
12007,23.84,12007,Bradford FL
12009,23.56,12009,Brevard FL
12011,24.1,12011,Broward FL
12013,24.1,12013,Calhoun FL
12015,23.36,12015,Charlotte FL
12017,22.77,12017,Citrus FL
12019,23.02,12019,Clay FL
12021,23.73,12021,Collier FL
12023,23.84,12023,Columbia FL
12027,23.8,12027,De Soto FL
12029,24.16,12029,Dixie FL
12031,23.35,12031,Duval FL
12033,24.29,12033,Escambia FL
12035,23.36,12035,Flagler FL
12037,24.17,12037,Franklin FL
12039,23.72,12039,Gadsden FL
12041,24.3,12041,Gilchrist FL
12043,24.41,12043,Glades FL
12045,24.32,12045,Gulf FL
12047,24.25,12047,Hamilton FL
12049,23.0,12049,Hardee FL
12051,24.55,12051,Hendry FL
12053,23.19,12053,Hernando FL
12055,23.59,12055,Highlands FL
12057,22.88,12057,Hillsborough FL
12059,24.1,12059,Holmes FL
12061,23.59,12061,Indian River FL
12063,24.1,12063,Jackson FL
12065,24.34,12065,Jefferson FL
12067,24.1,12067,Lafayette FL
12069,23.06,12069,Lake FL
12071,23.36,12071,Lee FL
12073,23.29,12073,Leon FL
12075,24.16,12075,Levy FL
12077,24.17,12077,Liberty FL
12079,24.32,12079,Madison FL
12081,23.29,12081,Manatee FL
12083,22.83,12083,Marion FL
12085,23.78,12085,Martin FL
12086,25.03,12086,Miami-Dade FL
12087,25.6,12087,Monroe FL
12089,23.02,12089,Nassau FL
12091,24.29,12091,Okaloosa FL
12093,24.63,12093,Okeechobee FL
12095,22.82,12095,Orange FL
12097,22.82,12097,Osceola FL
12099,24.0,12099,Palm Beach FL
12101,23.16,12101,Pasco FL
12103,22.88,12103,Pinellas FL
12105,22.36,12105,Polk FL
12107,23.75,12107,Putnam FL
12109,23.56,12109,Saint Johns FL
12111,24.08,12111,Saint Lucie FL
12113,24.29,12113,Santa Rosa FL
12115,23.29,12115,Sarasota FL
12117,22.82,12117,Seminole FL
12119,23.95,12119,Sumter FL
12121,24.43,12121,Suwannee FL
12123,24.17,12123,Taylor FL
12125,23.84,12125,Union FL
12127,22.98,12127,Volusia FL
12129,24.32,12129,Wakulla FL
12131,24.19,12131,Walton FL
12133,24.1,12133,Washington FL
13001,27.94,13001,Appling GA
13003,28.3,13003,Atkinson GA
13005,27.83,13005,Bacon GA
13007,27.82,13007,Baker GA
13009,27.9,13009,Baldwin GA
13011,28.61,13011,Banks GA
13013,28.41,13013,Barrow GA
13015,30.07,13015,Bartow GA
13017,28.14,13017,Ben Hill GA
13019,28.14,13019,Berrien GA
13021,27.83,13021,Bibb GA
13023,28.06,13023,Bleckley GA
13025,27.83,13025,Brantley GA
13027,28.14,13027,Brooks GA
13029,27.94,13029,Bryan GA
13031,27.94,13031,Bulloch GA
13033,28.09,13033,Burke GA
13035,30.07,13035,Butts GA
13037,27.82,13037,Calhoun GA
13039,27.83,13039,Camden GA
13043,27.94,13043,Candler GA
13045,29.84,13045,Carroll GA
13047,27.46,13047,Catoosa GA
13049,27.83,13049,Charlton GA
13051,27.94,13051,Chatham GA
13053,28.23,13053,Chattahoochee GA
13055,29.02,13055,Chattooga GA
13057,30.07,13057,Cherokee GA
13059,28.41,13059,Clarke GA
13061,27.82,13061,Clay GA
13063,30.07,13063,Clayton GA
13065,27.81,13065,Clinch GA
13067,30.07,13067,Cobb GA
13069,28.3,13069,Coffee GA
13071,28.14,13071,Colquitt GA
13073,28.09,13073,Columbia GA
13075,28.14,13075,Cook GA
13077,30.07,13077,Coweta GA
13079,27.83,13079,Crawford GA
13081,28.14,13081,Crisp GA
13083,27.46,13083,Dade GA
13085,28.61,13085,Dawson GA
13087,27.81,13087,Decatur GA
13089,30.07,13089,Dekalb GA
13091,28.06,13091,Dodge GA
13093,28.06,13093,Dooly GA
13095,28.14,13095,Dougherty GA
13097,30.07,13097,Douglas GA
13099,27.81,13099,Early GA
13101,27.81,13101,Echols GA
13103,27.94,13103,Effingham GA
13105,28.5,13105,Elbert GA
13107,28.09,13107,Emanuel GA
13109,27.94,13109,Evans GA
13111,27.8,13111,Fannin GA
13113,30.07,13113,Fayette GA
13115,29.02,13115,Floyd GA
13117,30.07,13117,Forsyth GA
13119,28.61,13119,Franklin GA
13121,30.07,13121,Fulton GA
13123,29.02,13123,Gilmer GA
13125,28.09,13125,Glascock GA
13127,27.83,13127,Glynn GA
13129,29.02,13129,Gordon GA
13131,28.14,13131,Grady GA
13133,28.41,13133,Greene GA
13135,30.07,13135,Gwinnett GA
13137,28.61,13137,Habersham GA
13139,28.61,13139,Hall GA
13141,27.9,13141,Hancock GA
13143,29.84,13143,Haralson GA
13145,28.23,13145,Harris GA
13147,28.61,13147,Hart GA
13149,29.84,13149,Heard GA
13151,30.07,13151,Henry GA
13153,27.83,13153,Houston GA
13155,28.14,13155,Irwin GA
13157,28.41,13157,Jackson GA
13159,30.07,13159,Jasper GA
13161,27.88,13161,Jeff Davis GA
13163,28.09,13163,Jefferson GA
13165,28.09,13165,Jenkins GA
13167,27.88,13167,Johnson GA
13169,27.83,13169,Jones GA
13171,30.07,13171,Lamar GA
13173,28.14,13173,Lanier GA
13175,28.3,13175,Laurens GA
13177,28.14,13177,Lee GA
13179,27.94,13179,Liberty GA
13181,28.09,13181,Lincoln GA
13183,27.94,13183,Long GA
13185,28.14,13185,Lowndes GA
13187,28.61,13187,Lumpkin GA
13189,28.09,13189,Mcduffie GA
13191,27.83,13191,Mcintosh GA
13193,28.23,13193,Macon GA
13195,28.41,13195,Madison GA
13197,28.23,13197,Marion GA
13199,28.23,13199,Meriwether GA
13201,27.81,13201,Miller GA
13205,28.14,13205,Mitchell GA
13207,27.83,13207,Monroe GA
13209,27.88,13209,Montgomery GA
13211,28.41,13211,Morgan GA
13213,27.8,13213,Murray GA
13215,28.23,13215,Muscogee GA
13217,30.07,13217,Newton GA
13219,28.41,13219,Oconee GA
13221,28.41,13221,Oglethorpe GA
13223,30.07,13223,Paulding GA
13225,27.83,13225,Peach GA
13227,29.02,13227,Pickens GA
13229,27.83,13229,Pierce GA
13231,30.07,13231,Pike GA
13233,29.02,13233,Polk GA
13235,28.06,13235,Pulaski GA
13237,27.83,13237,Putnam GA
13239,28.23,13239,Quitman GA
13241,28.61,13241,Rabun GA
13243,27.82,13243,Randolph GA
13245,28.09,13245,Richmond GA
13247,30.07,13247,Rockdale GA
13249,27.82,13249,Schley GA
13251,27.94,13251,Screven GA
13253,27.81,13253,Seminole GA
13255,30.07,13255,Spalding GA
13257,28.61,13257,Stephens GA
13259,28.23,13259,Stewart GA
13261,28.14,13261,Sumter GA
13263,28.23,13263,Talbot GA
13265,28.09,13265,Taliaferro GA
13267,27.94,13267,Tattnall GA
13269,28.23,13269,Taylor GA
13271,28.3,13271,Telfair GA
13273,28.14,13273,Terrell GA
13275,28.14,13275,Thomas GA
13277,28.14,13277,Tift GA
13279,27.88,13279,Toombs GA
13281,28.61,13281,Towns GA
13283,27.88,13283,Treutlen GA
13285,28.23,13285,Troup GA
13287,28.14,13287,Turner GA
13289,27.83,13289,Twiggs GA
13291,28.61,13291,Union GA
13293,28.23,13293,Upson GA
13295,27.46,13295,Walker GA
13297,30.07,13297,Walton GA
13299,27.83,13299,Ware GA
13301,28.09,13301,Warren GA
13303,27.9,13303,Washington GA
13305,27.83,13305,Wayne GA
13307,28.55,13307,Webster GA
13309,28.3,13309,Wheeler GA
13311,28.61,13311,White GA
13313,27.8,13313,Whitfield GA
13315,28.06,13315,Wilcox GA
13317,28.09,13317,Wilkes GA
13319,27.9,13319,Wilkinson GA
13321,28.14,13321,Worth GA
17001,28.16,17001,Adams IL
17003,27.74,17003,Alexander IL
17005,27.39,17005,Bond IL
17007,28.29,17007,Boone IL
17009,28.16,17009,Brown IL
17011,28.36,17011,Bureau IL
17013,27.39,17013,Calhoun IL
17015,29.19,17015,Carroll IL
17017,28.16,17017,Cass IL
17019,27.32,17019,Champaign IL
17021,28.16,17021,Christian IL
17023,28.27,17023,Clark IL
17025,27.74,17025,Clay IL
17027,27.39,17027,Clinton IL
17029,28.27,17029,Coles IL
17031,30.19,17031,Cook IL
17033,27.74,17033,Crawford IL
17035,28.27,17035,Cumberland IL
17037,28.29,17037,Dekalb IL
17039,28.76,17039,Dewitt IL
17041,28.27,17041,Douglas IL
17043,30.12,17043,Dupage IL
17045,28.27,17045,Edgar IL
17047,27.74,17047,Edwards IL
17049,27.74,17049,Effingham IL
17051,27.74,17051,Fayette IL
17053,28.27,17053,Ford IL
17055,27.74,17055,Franklin IL
17057,28.48,17057,Fulton IL
17059,27.74,17059,Gallatin IL
17061,27.39,17061,Greene IL
17063,29.01,17063,Grundy IL
17065,27.74,17065,Hamilton IL
17067,28.36,17067,Hancock IL
17069,27.74,17069,Hardin IL
17071,28.36,17071,Henderson IL
17073,28.36,17073,Henry IL
17075,28.27,17075,Iroquois IL
17077,27.74,17077,Jackson IL
17079,27.74,17079,Jasper IL
17081,27.74,17081,Jefferson IL
17083,27.39,17083,Jersey IL
17085,29.19,17085,Jo Daviess IL
17087,27.74,17087,Johnson IL
17089,30.12,17089,Kane IL
17091,29.01,17091,Kankakee IL
17093,29.01,17093,Kendall IL
17095,28.48,17095,Knox IL
17097,30.4,17097,Lake IL
17099,27.43,17099,La Salle IL
17101,27.74,17101,Lawrence IL
17103,28.29,17103,Lee IL
17105,28.76,17105,Livingston IL
17107,28.16,17107,Logan IL
17109,28.48,17109,Mcdonough IL
17111,30.95,17111,Mchenry IL
17113,28.76,17113,Mclean IL
17115,28.16,17115,Macon IL
17117,28.52,17117,Macoupin IL
17119,26.76,17119,Madison IL
17121,27.74,17121,Marion IL
17123,28.48,17123,Marshall IL
17125,28.16,17125,Mason IL
17127,27.74,17127,Massac IL
17129,28.16,17129,Menard IL
17131,28.36,17131,Mercer IL
17133,27.5,17133,Monroe IL
17135,28.52,17135,Montgomery IL
17137,28.16,17137,Morgan IL
17139,28.16,17139,Moultrie IL
17141,28.29,17141,Ogle IL
17143,27.51,17143,Peoria IL
17145,27.74,17145,Perry IL
17147,28.27,17147,Piatt IL
17149,28.16,17149,Pike IL
17151,27.74,17151,Pope IL
17153,27.74,17153,Pulaski IL
17155,28.48,17155,Putnam IL
17157,27.39,17157,Randolph IL
17159,27.74,17159,Richland IL
17161,28.36,17161,Rock Island IL
17163,27.5,17163,Saint Clair IL
17165,27.74,17165,Saline IL
17167,27.22,17167,Sangamon IL
17169,28.16,17169,Schuyler IL
17171,28.16,17171,Scott IL
17173,28.16,17173,Shelby IL
17175,28.48,17175,Stark IL
17177,28.29,17177,Stephenson IL
17179,28.48,17179,Tazewell IL
17181,27.74,17181,Union IL
17183,28.27,17183,Vermilion IL
17185,27.74,17185,Wabash IL
17187,28.36,17187,Warren IL
17189,28.52,17189,Washington IL
17191,27.74,17191,Wayne IL
17193,27.74,17193,White IL
17195,28.36,17195,Whiteside IL
17197,28.83,17197,Will IL
17199,27.74,17199,Williamson IL
17201,27.48,17201,Winnebago IL
17203,28.48,17203,Woodford IL
18001,29.24,18001,Adams IN
18003,29.65,18003,Allen IN
18005,27.9,18005,Bartholomew IN
18007,28.32,18007,Benton IN
18009,28.42,18009,Blackford IN
18011,29.21,18011,Boone IN
18013,28.2,18013,Brown IN
18015,28.68,18015,Carroll IN
18017,28.84,18017,Cass IN
18019,27.16,18019,Clark IN
18021,27.05,18021,Clay IN
18023,28.68,18023,Clinton IN
18025,27.16,18025,Crawford IN
18027,28.24,18027,Daviess IN
18029,27.67,18029,Dearborn IN
18031,27.9,18031,Decatur IN
18033,29.24,18033,De Kalb IN
18035,28.42,18035,Delaware IN
18037,27.6,18037,Dubois IN
18039,28.41,18039,Elkhart IN
18041,28.86,18041,Fayette IN
18043,27.16,18043,Floyd IN
18045,28.68,18045,Fountain IN
18047,27.67,18047,Franklin IN
18049,28.84,18049,Fulton IN
18051,28.17,18051,Gibson IN
18053,28.42,18053,Grant IN
18055,28.24,18055,Greene IN
18057,29.21,18057,Hamilton IN
18059,28.86,18059,Hancock IN
18061,27.16,18061,Harrison IN
18063,29.21,18063,Hendricks IN
18065,28.86,18065,Henry IN
18067,28.84,18067,Howard IN
18069,28.6,18069,Huntington IN
18071,27.9,18071,Jackson IN
18073,28.32,18073,Jasper IN
18075,28.42,18075,Jay IN
18077,27.16,18077,Jefferson IN
18079,27.9,18079,Jennings IN
18081,28.2,18081,Johnson IN
18083,28.24,18083,Knox IN
18085,28.41,18085,Kosciusko IN
18087,28.6,18087,Lagrange IN
18089,29.46,18089,Lake IN
18091,29.46,18091,La Porte IN
18093,28.2,18093,Lawrence IN
18095,28.86,18095,Madison IN
18097,29.21,18097,Marion IN
18099,28.41,18099,Marshall IN
18101,27.6,18101,Martin IN
18103,28.84,18103,Miami IN
18105,28.2,18105,Monroe IN
18107,28.68,18107,Montgomery IN
18109,29.21,18109,Morgan IN
18111,28.32,18111,Newton IN
18113,29.24,18113,Noble IN
18115,27.67,18115,Ohio IN
18117,27.6,18117,Orange IN
18119,28.2,18119,Owen IN
18121,27.05,18121,Parke IN
18123,27.6,18123,Perry IN
18125,28.24,18125,Pike IN
18127,29.46,18127,Porter IN
18129,28.17,18129,Posey IN
18131,28.84,18131,Pulaski IN
18133,28.68,18133,Putnam IN
18135,28.42,18135,Randolph IN
18137,27.67,18137,Ripley IN
18139,27.9,18139,Rush IN
18141,28.41,18141,St Joseph IN
18143,27.16,18143,Scott IN
18145,29.21,18145,Shelby IN
18147,28.24,18147,Spencer IN
18149,28.41,18149,Starke IN
18151,28.6,18151,Steuben IN
18153,27.05,18153,Sullivan IN
18155,27.67,18155,Switzerland IN
18157,28.68,18157,Tippecanoe IN
18159,28.68,18159,Tipton IN
18161,28.86,18161,Union IN
18163,28.17,18163,Vanderburgh IN
18165,27.05,18165,Vermillion IN
18167,27.05,18167,Vigo IN
18169,28.6,18169,Wabash IN
18171,28.32,18171,Warren IN
18173,28.17,18173,Warrick IN
18175,27.16,18175,Washington IN
18177,28.86,18177,Wayne IN
18179,28.6,18179,Wells IN
18181,28.32,18181,White IN
18183,28.6,18183,Whitley IN
19001,31.6,19001,Adair IA
19003,31.6,19003,Adams IA
19005,31.09,19005,Allamakee IA
19007,32.15,19007,Appanoose IA
19009,31.6,19009,Audubon IA
19011,31.68,19011,Benton IA
19013,31.68,19013,Black Hawk IA
19015,32.13,19015,Boone IA
19017,31.09,19017,Bremer IA
19019,31.68,19019,Buchanan IA
19021,30.94,19021,Buena Vista IA
19023,31.09,19023,Butler IA
19025,32.13,19025,Calhoun IA
19027,32.13,19027,Carroll IA
19029,31.6,19029,Cass IA
19031,31.68,19031,Cedar IA
19033,31.09,19033,Cerro Gordo IA
19035,30.94,19035,Cherokee IA
19037,31.09,19037,Chickasaw IA
19039,31.6,19039,Clarke IA
19041,30.94,19041,Clay IA
19043,31.68,19043,Clayton IA
19045,31.68,19045,Clinton IA
19047,30.94,19047,Crawford IA
19049,33.09,19049,Dallas IA
19051,32.15,19051,Davis IA
19053,31.6,19053,Decatur IA
19055,31.68,19055,Delaware IA
19057,32.15,19057,Des Moines IA
19059,30.94,19059,Dickinson IA
19061,31.68,19061,Dubuque IA
19063,31.09,19063,Emmet IA
19065,31.09,19065,Fayette IA
19067,31.09,19067,Floyd IA
19069,31.09,19069,Franklin IA
19071,31.6,19071,Fremont IA
19073,32.13,19073,Greene IA
19075,32.13,19075,Grundy IA
19077,31.6,19077,Guthrie IA
19079,32.13,19079,Hamilton IA
19081,31.09,19081,Hancock IA
19083,32.13,19083,Hardin IA
19085,31.6,19085,Harrison IA
19087,32.15,19087,Henry IA
19089,31.09,19089,Howard IA
19091,31.09,19091,Humboldt IA
19093,30.94,19093,Ida IA
19095,31.68,19095,Iowa IA
19097,31.68,19097,Jackson IA
19099,33.09,19099,Jasper IA
19101,32.15,19101,Jefferson IA
19103,31.68,19103,Johnson IA
19105,31.68,19105,Jones IA
19107,32.15,19107,Keokuk IA
19109,31.09,19109,Kossuth IA
19111,32.15,19111,Lee IA
19113,31.68,19113,Linn IA
19115,32.15,19115,Louisa IA
19117,32.15,19117,Lucas IA
19119,30.94,19119,Lyon IA
19121,33.09,19121,Madison IA
19123,32.15,19123,Mahaska IA
19125,33.09,19125,Marion IA
19127,32.13,19127,Marshall IA
19129,31.6,19129,Mills IA
19131,31.09,19131,Mitchell IA
19133,30.94,19133,Monona IA
19135,32.15,19135,Monroe IA
19137,31.6,19137,Montgomery IA
19139,32.15,19139,Muscatine IA
19141,30.94,19141,Obrien IA
19143,30.94,19143,Osceola IA
19145,31.6,19145,Page IA
19147,30.94,19147,Palo Alto IA
19149,30.94,19149,Plymouth IA
19151,30.94,19151,Pocahontas IA
19153,33.09,19153,Polk IA
19155,31.6,19155,Pottawattamie IA
19157,32.13,19157,Poweshiek IA
19159,31.6,19159,Ringgold IA
19161,30.94,19161,Sac IA
19163,31.68,19163,Scott IA
19165,31.6,19165,Shelby IA
19167,30.94,19167,Sioux IA
19169,32.13,19169,Story IA
19171,32.13,19171,Tama IA
19173,31.6,19173,Taylor IA
19175,31.6,19175,Union IA
19177,32.15,19177,Van Buren IA
19179,32.15,19179,Wapello IA
19181,33.09,19181,Warren IA
19183,32.15,19183,Washington IA
19185,32.15,19185,Wayne IA
19187,32.13,19187,Webster IA
19189,31.09,19189,Winnebago IA
19191,31.09,19191,Winneshiek IA
19193,30.94,19193,Woodbury IA
19195,31.09,19195,Worth IA
19197,31.09,19197,Wright IA
20001,27.41,20001,Allen KS
20003,28.2,20003,Anderson KS
20005,28.36,20005,Atchison KS
20007,28.12,20007,Barber KS
20009,28.12,20009,Barton KS
20011,27.41,20011,Bourbon KS
20013,28.36,20013,Brown KS
20015,27.99,20015,Butler KS
20017,27.91,20017,Chase KS
20019,27.91,20019,Chautauqua KS
20021,27.41,20021,Cherokee KS
20023,28.12,20023,Cheyenne KS
20025,28.12,20025,Clark KS
20027,28.07,20027,Clay KS
20029,28.07,20029,Cloud KS
20031,28.2,20031,Coffey KS
20033,28.12,20033,Comanche KS
20035,27.91,20035,Cowley KS
20037,27.41,20037,Crawford KS
20039,28.12,20039,Decatur KS
20041,28.07,20041,Dickinson KS
20043,28.36,20043,Doniphan KS
20045,28.2,20045,Douglas KS
20047,28.12,20047,Edwards KS
20049,27.99,20049,Elk KS
20051,28.12,20051,Ellis KS
20053,28.07,20053,Ellsworth KS
20055,28.12,20055,Finney KS
20057,28.12,20057,Ford KS
20059,28.2,20059,Franklin KS
20061,28.07,20061,Geary KS
20063,28.12,20063,Gove KS
20065,28.12,20065,Graham KS
20067,28.12,20067,Grant KS
20069,28.12,20069,Gray KS
20071,28.12,20071,Greeley KS
20073,27.99,20073,Greenwood KS
20075,28.12,20075,Hamilton KS
20077,27.91,20077,Harper KS
20079,27.99,20079,Harvey KS
20081,28.12,20081,Haskell KS
20083,28.12,20083,Hodgeman KS
20085,28.36,20085,Jackson KS
20087,28.36,20087,Jefferson KS
20089,28.07,20089,Jewell KS
20091,29.44,20091,Johnson KS
20093,28.12,20093,Kearny KS
20095,27.91,20095,Kingman KS
20097,28.12,20097,Kiowa KS
20099,27.41,20099,Labette KS
20101,28.12,20101,Lane KS
20103,29.44,20103,Leavenworth KS
20105,28.07,20105,Lincoln KS
20107,28.2,20107,Linn KS
20109,28.12,20109,Logan KS
20111,28.36,20111,Lyon KS
20113,27.91,20113,Mcpherson KS
20115,27.91,20115,Marion KS
20117,28.36,20117,Marshall KS
20119,28.12,20119,Meade KS
20121,29.44,20121,Miami KS
20123,28.07,20123,Mitchell KS
20125,27.99,20125,Montgomery KS
20127,28.07,20127,Morris KS
20129,28.12,20129,Morton KS
20131,28.36,20131,Nemaha KS
20133,27.41,20133,Neosho KS
20135,28.12,20135,Ness KS
20137,28.12,20137,Norton KS
20139,28.36,20139,Osage KS
20141,28.12,20141,Osborne KS
20143,28.07,20143,Ottawa KS
20145,28.12,20145,Pawnee KS
20147,28.12,20147,Phillips KS
20149,28.36,20149,Pottawatomie KS
20151,28.12,20151,Pratt KS
20153,28.12,20153,Rawlins KS
20155,27.91,20155,Reno KS
20157,28.07,20157,Republic KS
20159,27.91,20159,Rice KS
20161,28.07,20161,Riley KS
20163,28.12,20163,Rooks KS
20165,28.12,20165,Rush KS
20167,28.12,20167,Russell KS
20169,28.07,20169,Saline KS
20171,28.12,20171,Scott KS
20173,27.99,20173,Sedgwick KS
20175,28.12,20175,Seward KS
20177,28.36,20177,Shawnee KS
20179,28.12,20179,Sheridan KS
20181,28.12,20181,Sherman KS
20183,28.12,20183,Smith KS
20185,28.12,20185,Stafford KS
20187,28.12,20187,Stanton KS
20189,28.12,20189,Stevens KS
20191,27.91,20191,Sumner KS
20193,28.12,20193,Thomas KS
20195,28.12,20195,Trego KS
20197,28.36,20197,Wabaunsee KS
20199,28.12,20199,Wallace KS
20201,28.07,20201,Washington KS
20203,28.12,20203,Wichita KS
20205,27.99,20205,Wilson KS
20207,27.41,20207,Woodson KS
20209,29.44,20209,Wyandotte KS
21001,21.43,21001,Adair KY
21003,22.3,21003,Allen KY
21005,23.06,21005,Anderson KY
21007,20.79,21007,Ballard KY
21009,22.3,21009,Barren KY
21011,23.1,21011,Bath KY
21013,20.59,21013,Bell KY
21015,23.25,21015,Boone KY
21017,23.06,21017,Bourbon KY
21019,22.25,21019,Boyd KY
21021,22.76,21021,Boyle KY
21023,22.59,21023,Bracken KY
21025,20.59,21025,Breathitt KY
21027,21.79,21027,Breckinridge KY
21029,23.11,21029,Bullitt KY
21031,19.94,21031,Butler KY
21033,20.79,21033,Caldwell KY
21035,18.94,21035,Calloway KY
21037,23.25,21037,Campbell KY
21039,20.79,21039,Carlisle KY
21041,21.89,21041,Carroll KY
21043,20.5,21043,Carter KY
21045,21.43,21045,Casey KY
21047,20.48,21047,Christian KY
21049,23.06,21049,Clark KY
21051,21.65,21051,Clay KY
21053,21.43,21053,Clinton KY
21055,20.79,21055,Crittenden KY
21057,21.43,21057,Cumberland KY
21059,21.78,21059,Daviess KY
21061,22.3,21061,Edmonson KY
21063,22.25,21063,Elliott KY
21065,22.76,21065,Estill KY
21067,23.06,21067,Fayette KY
21069,22.88,21069,Fleming KY
21071,20.59,21071,Floyd KY
21073,22.04,21073,Franklin KY
21075,18.94,21075,Fulton KY
21077,23.25,21077,Gallatin KY
21079,23.06,21079,Garrard KY
21081,23.67,21081,Grant KY
21083,20.79,21083,Graves KY
21085,22.58,21085,Grayson KY
21087,22.19,21087,Green KY
21089,20.5,21089,Greenup KY
21091,21.78,21091,Hancock KY
21093,23.11,21093,Hardin KY
21095,20.59,21095,Harlan KY
21097,22.76,21097,Harrison KY
21099,22.3,21099,Hart KY
21101,20.48,21101,Henderson KY
21103,22.58,21103,Henry KY
21105,18.94,21105,Hickman KY
21107,20.48,21107,Hopkins KY
21109,22.76,21109,Jackson KY
21111,23.11,21111,Jefferson KY
21113,23.06,21113,Jessamine KY
21115,18.94,21115,Johnson KY
21117,23.25,21117,Kenton KY
21119,20.59,21119,Knott KY
21121,21.65,21121,Knox KY
21123,23.11,21123,Larue KY
21125,20.79,21125,Laurel KY
21127,20.5,21127,Lawrence KY
21129,18.94,21129,Lee KY
21131,20.59,21131,Leslie KY
21133,20.59,21133,Letcher KY
21135,20.5,21135,Lewis KY
21137,22.1,21137,Lincoln KY
21139,20.79,21139,Livingston KY
21141,19.94,21141,Logan KY
21143,20.79,21143,Lyon KY
21145,20.79,21145,Mccracken KY
21147,21.43,21147,Mccreary KY
21149,21.78,21149,Mclean KY
21151,22.76,21151,Madison KY
21153,20.59,21153,Magoffin KY
21155,22.58,21155,Marion KY
21157,20.79,21157,Marshall KY
21159,18.94,21159,Martin KY
21161,22.59,21161,Mason KY
21163,23.11,21163,Meade KY
21165,22.88,21165,Menifee KY
21167,23.06,21167,Mercer KY
21169,21.68,21169,Metcalfe KY
21171,21.68,21171,Monroe KY
21173,22.76,21173,Montgomery KY
21175,20.5,21175,Morgan KY
21177,20.48,21177,Muhlenberg KY
21179,23.11,21179,Nelson KY
21181,22.76,21181,Nicholas KY
21183,20.48,21183,Ohio KY
21185,23.11,21185,Oldham KY
21187,22.76,21187,Owen KY
21189,20.59,21189,Owsley KY
21191,22.65,21191,Pendleton KY
21193,20.59,21193,Perry KY
21195,20.59,21195,Pike KY
21197,22.76,21197,Powell KY
21199,21.43,21199,Pulaski KY
21201,22.59,21201,Robertson KY
21203,22.1,21203,Rockcastle KY
21205,22.88,21205,Rowan KY
21207,21.43,21207,Russell KY
21209,23.06,21209,Scott KY
21211,23.11,21211,Shelby KY
21213,21.43,21213,Simpson KY
21215,23.11,21215,Spencer KY
21217,22.19,21217,Taylor KY
21219,20.48,21219,Todd KY
21221,21.78,21221,Trigg KY
21223,23.11,21223,Trimble KY
21225,21.78,21225,Union KY
21227,22.3,21227,Warren KY
21229,22.58,21229,Washington KY
21231,21.43,21231,Wayne KY
21233,21.78,21233,Webster KY
21235,21.65,21235,Whitley KY
21237,20.59,21237,Wolfe KY
21239,23.06,21239,Woodford KY
22001,29.24,22001,Acadia LA
22003,29.08,22003,Allen LA
22005,29.2,22005,Ascension LA
22007,29.07,22007,Assumption LA
22009,28.35,22009,Avoyelles LA
22011,29.08,22011,Beauregard LA
22013,28.9,22013,Bienville LA
22015,28.9,22015,Bossier LA
22017,28.9,22017,Caddo LA
22019,29.08,22019,Calcasieu LA
22021,28.9,22021,Caldwell LA
22023,29.08,22023,Cameron LA
22025,28.95,22025,Catahoula LA
22027,28.9,22027,Claiborne LA
22029,28.95,22029,Concordia LA
22031,28.9,22031,De Soto LA
22033,29.2,22033,East Baton Rouge LA
22035,28.57,22035,East Carroll LA
22037,29.2,22037,East Feliciana LA
22039,29.24,22039,Evangeline LA
22041,28.57,22041,Franklin LA
22043,28.35,22043,Grant LA
22045,29.24,22045,Iberia LA
22047,29.2,22047,Iberville LA
22049,28.9,22049,Jackson LA
22051,29.79,22051,Jefferson LA
22053,29.08,22053,Jefferson Davis LA
22055,29.24,22055,Lafayette LA
22057,29.07,22057,Lafourche LA
22059,28.95,22059,La Salle LA
22061,28.9,22061,Lincoln LA
22063,29.2,22063,Livingston LA
22065,28.57,22065,Madison LA
22067,28.9,22067,Morehouse LA
22069,28.9,22069,Natchitoches LA
22071,29.79,22071,Orleans LA
22073,28.9,22073,Ouachita LA
22075,29.79,22075,Plaquemines LA
22077,29.2,22077,Pointe Coupee LA
22079,28.35,22079,Rapides LA
22081,28.9,22081,Red River LA
22083,28.9,22083,Richland LA
22085,28.9,22085,Sabine LA
22087,29.79,22087,Saint Bernard LA
22089,29.79,22089,Saint Charles LA
22091,29.2,22091,Saint Helena LA
22093,29.79,22093,Saint James LA
22095,29.79,22095,St John The Baptist LA
22097,29.24,22097,Saint Landry LA
22099,29.24,22099,Saint Martin LA
22101,29.24,22101,Saint Mary LA
22103,29.79,22103,Saint Tammany LA
22105,29.2,22105,Tangipahoa LA
22107,28.57,22107,Tensas LA
22109,29.07,22109,Terrebonne LA
22111,28.9,22111,Union LA
22113,29.24,22113,Vermilion LA
22115,28.35,22115,Vernon LA
22117,29.2,22117,Washington LA
22119,28.9,22119,Webster LA
22121,29.2,22121,West Baton Rouge LA
22123,28.9,22123,West Carroll LA
22125,29.2,22125,West Feliciana LA
22127,28.35,22127,Winn LA
23001,32.36,23001,Androscoggin ME
23003,32.36,23003,Aroostook ME
23005,32.36,23005,Cumberland ME
23007,32.36,23007,Franklin ME
23009,32.36,23009,Hancock ME
23011,32.36,23011,Kennebec ME
23013,32.36,23013,Knox ME
23015,32.36,23015,Lincoln ME
23017,32.36,23017,Oxford ME
23019,32.36,23019,Penobscot ME
23021,32.36,23021,Piscataquis ME
23023,32.36,23023,Sagadahoc ME
23025,32.36,23025,Somerset ME
23027,32.36,23027,Waldo ME
23029,32.36,23029,Washington ME
23031,32.36,23031,York ME
26001,28.33,26001,Alcona MI
26003,27.75,26003,Alger MI
26005,28.47,26005,Allegan MI
26007,28.33,26007,Alpena MI
26009,29.19,26009,Antrim MI
26011,28.8,26011,Arenac MI
26013,27.75,26013,Baraga MI
26015,28.23,26015,Barry MI
26017,28.8,26017,Bay MI
26019,29.19,26019,Benzie MI
26021,27.68,26021,Berrien MI
26023,27.73,26023,Branch MI
26025,27.89,26025,Calhoun MI
26027,27.68,26027,Cass MI
26029,29.19,26029,Charlevoix MI
26031,26.99,26031,Cheboygan MI
26033,28.33,26033,Chippewa MI
26035,28.17,26035,Clare MI
26037,28.9,26037,Clinton MI
26039,28.11,26039,Crawford MI
26041,27.75,26041,Delta MI
26043,27.75,26043,Dickinson MI
26045,28.9,26045,Eaton MI
26047,29.58,26047,Emmet MI
26049,28.49,26049,Genesee MI
26051,28.17,26051,Gladwin MI
26053,27.75,26053,Gogebic MI
26055,29.19,26055,Grand Traverse MI
26057,28.53,26057,Gratiot MI
26059,28.9,26059,Hillsdale MI
26061,27.75,26061,Houghton MI
26063,28.35,26063,Huron MI
26065,28.08,26065,Ingham MI
26067,29.18,26067,Ionia MI
26069,28.33,26069,Iosco MI
26071,22.09,26071,Iron MI
26073,28.17,26073,Isabella MI
26075,28.94,26075,Jackson MI
26077,27.89,26077,Kalamazoo MI
26079,29.19,26079,Kalkaska MI
26081,28.95,26081,Kent MI
26083,28.69,26083,Keweenaw MI
26085,28.95,26085,Lake MI
26087,29.2,26087,Lapeer MI
26089,29.19,26089,Leelanau MI
26091,30.03,26091,Lenawee MI
26093,30.08,26093,Livingston MI
26095,27.75,26095,Luce MI
26097,25.51,26097,Mackinac MI
26099,30.87,26099,Macomb MI
26101,29.19,26101,Manistee MI
26103,27.75,26103,Marquette MI
26105,29.18,26105,Mason MI
26107,28.95,26107,Mecosta MI
26109,27.75,26109,Menominee MI
26111,28.17,26111,Midland MI
26113,29.19,26113,Missaukee MI
26115,30.93,26115,Monroe MI
26117,28.95,26117,Montcalm MI
26119,28.33,26119,Montmorency MI
26121,29.18,26121,Muskegon MI
26123,28.95,26123,Newaygo MI
26125,30.87,26125,Oakland MI
26127,28.95,26127,Oceana MI
26129,28.33,26129,Ogemaw MI
26131,27.75,26131,Ontonagon MI
26133,29.18,26133,Osceola MI
26135,28.33,26135,Oscoda MI
26137,28.11,26137,Otsego MI
26139,29.18,26139,Ottawa MI
26141,28.33,26141,Presque Isle MI
26143,28.11,26143,Roscommon MI
26145,28.8,26145,Saginaw MI
26147,30.08,26147,Saint Clair MI
26149,27.68,26149,Saint Joseph MI
26151,28.15,26151,Sanilac MI
26153,28.13,26153,Schoolcraft MI
26155,29.2,26155,Shiawassee MI
26157,28.15,26157,Tuscola MI
26159,27.68,26159,Van Buren MI
26161,30.08,26161,Washtenaw MI
26163,30.15,26163,Wayne MI
26165,29.19,26165,Wexford MI
28001,27.96,28001,Adams MS
28003,27.96,28003,Alcorn MS
28005,27.96,28005,Amite MS
28007,27.96,28007,Attala MS
28009,27.95,28009,Benton MS
28011,27.96,28011,Bolivar MS
28013,27.96,28013,Calhoun MS
28015,27.96,28015,Carroll MS
28017,27.96,28017,Chickasaw MS
28019,27.96,28019,Choctaw MS
28021,27.96,28021,Claiborne MS
28023,27.96,28023,Clarke MS
28025,27.96,28025,Clay MS
28027,27.96,28027,Coahoma MS
28029,28.37,28029,Copiah MS
28031,27.96,28031,Covington MS
28033,27.95,28033,Desoto MS
28035,28.2,28035,Forrest MS
28037,27.96,28037,Franklin MS
28039,28.2,28039,George MS
28041,28.2,28041,Greene MS
28043,27.96,28043,Grenada MS
28045,28.2,28045,Hancock MS
28047,28.2,28047,Harrison MS
28049,28.37,28049,Hinds MS
28051,27.96,28051,Holmes MS
28053,27.96,28053,Humphreys MS
28055,27.96,28055,Issaquena MS
28057,27.95,28057,Itawamba MS
28059,28.2,28059,Jackson MS
28061,27.96,28061,Jasper MS
28063,27.96,28063,Jefferson MS
28065,27.96,28065,Jefferson Davis MS
28067,28.2,28067,Jones MS
28069,27.96,28069,Kemper MS
28071,27.96,28071,Lafayette MS
28073,28.2,28073,Lamar MS
28075,27.96,28075,Lauderdale MS
28077,27.96,28077,Lawrence MS
28079,27.96,28079,Leake MS
28081,27.95,28081,Lee MS
28083,27.96,28083,Leflore MS
28085,27.96,28085,Lincoln MS
28087,27.96,28087,Lowndes MS
28089,28.37,28089,Madison MS
28091,27.96,28091,Marion MS
28093,27.95,28093,Marshall MS
28095,27.96,28095,Monroe MS
28097,27.96,28097,Montgomery MS
28099,27.96,28099,Neshoba MS
28101,27.96,28101,Newton MS
28103,27.96,28103,Noxubee MS
28105,27.96,28105,Oktibbeha MS
28107,27.96,28107,Panola MS
28109,28.2,28109,Pearl River MS
28111,28.2,28111,Perry MS
28113,27.96,28113,Pike MS
28115,27.95,28115,Pontotoc MS
28117,27.96,28117,Prentiss MS
28119,27.96,28119,Quitman MS
28121,28.37,28121,Rankin MS
28123,27.96,28123,Scott MS
28125,27.96,28125,Sharkey MS
28127,28.37,28127,Simpson MS
28129,27.96,28129,Smith MS
28131,28.2,28131,Stone MS
28133,27.96,28133,Sunflower MS
28135,27.96,28135,Tallahatchie MS
28137,27.95,28137,Tate MS
28139,27.95,28139,Tippah MS
28141,27.96,28141,Tishomingo MS
28143,27.95,28143,Tunica MS
28145,27.95,28145,Union MS
28147,27.96,28147,Walthall MS
28149,28.37,28149,Warren MS
28151,27.96,28151,Washington MS
28153,27.96,28153,Wayne MS
28155,27.96,28155,Webster MS
28157,27.96,28157,Wilkinson MS
28159,27.96,28159,Winston MS
28161,27.96,28161,Yalobusha MS
28163,27.96,28163,Yazoo MS
29001,27.27,29001,Adair MO
29003,26.6,29003,Andrew MO
29005,26.79,29005,Atchison MO
29007,26.63,29007,Audrain MO
29009,26.59,29009,Barry MO
29011,27.0,29011,Barton MO
29013,27.09,29013,Bates MO
29015,27.5,29015,Benton MO
29017,26.9,29017,Bollinger MO
29019,26.93,29019,Boone MO
29021,27.15,29021,Buchanan MO
29023,26.9,29023,Butler MO
29025,26.6,29025,Caldwell MO
29027,26.93,29027,Callaway MO
29029,26.63,29029,Camden MO
29031,26.9,29031,Cape Girardeau MO
29033,26.6,29033,Carroll MO
29035,26.82,29035,Carter MO
29037,28.71,29037,Cass MO
29039,26.73,29039,Cedar MO
29041,27.15,29041,Chariton MO
29043,26.78,29043,Christian MO
29045,27.27,29045,Clark MO
29047,28.71,29047,Clay MO
29049,26.6,29049,Clinton MO
29051,26.93,29051,Cole MO
29053,27.15,29053,Cooper MO
29055,25.87,29055,Crawford MO
29057,26.78,29057,Dade MO
29059,26.64,29059,Dallas MO
29061,26.6,29061,Daviess MO
29063,26.6,29063,Dekalb MO
29065,25.87,29065,Dent MO
29067,26.73,29067,Douglas MO
29069,26.9,29069,Dunklin MO
29071,28.52,29071,Franklin MO
29073,26.85,29073,Gasconade MO
29075,26.6,29075,Gentry MO
29077,26.78,29077,Greene MO
29079,27.15,29079,Grundy MO
29081,27.15,29081,Harrison MO
29083,27.09,29083,Henry MO
29085,26.73,29085,Hickory MO
29087,26.79,29087,Holt MO
29089,27.15,29089,Howard MO
29091,26.82,29091,Howell MO
29093,26.82,29093,Iron MO
29095,28.71,29095,Jackson MO
29097,27.0,29097,Jasper MO
29099,28.42,29099,Jefferson MO
29101,27.09,29101,Johnson MO
29103,27.27,29103,Knox MO
29105,26.59,29105,Laclede MO
29107,27.09,29107,Lafayette MO
29109,26.78,29109,Lawrence MO
29111,27.27,29111,Lewis MO
29113,28.42,29113,Lincoln MO
29115,27.08,29115,Linn MO
29117,27.15,29117,Livingston MO
29119,26.73,29119,Mcdonald MO
29121,27.27,29121,Macon MO
29123,26.9,29123,Madison MO
29125,26.63,29125,Maries MO
29127,27.27,29127,Marion MO
29129,26.6,29129,Mercer MO
29131,26.63,29131,Miller MO
29133,26.9,29133,Mississippi MO
29135,26.63,29135,Moniteau MO
29137,26.93,29137,Monroe MO
29139,26.85,29139,Montgomery MO
29141,26.63,29141,Morgan MO
29143,26.9,29143,New Madrid MO
29145,26.73,29145,Newton MO
29147,27.15,29147,Nodaway MO
29149,26.82,29149,Oregon MO
29151,26.63,29151,Osage MO
29153,26.73,29153,Ozark MO
29155,25.95,29155,Pemiscot MO
29157,25.95,29157,Perry MO
29159,27.5,29159,Pettis MO
29161,26.82,29161,Phelps MO
29163,26.76,29163,Pike MO
29165,28.71,29165,Platte MO
29167,26.78,29167,Polk MO
29169,25.87,29169,Pulaski MO
29171,27.08,29171,Putnam MO
29173,27.27,29173,Ralls MO
29175,27.15,29175,Randolph MO
29177,26.6,29177,Ray MO
29179,25.87,29179,Reynolds MO
29181,26.82,29181,Ripley MO
29183,28.42,29183,Saint Charles MO
29185,27.67,29185,Saint Clair MO
29186,27.98,29186,Sainte Genevieve MO
29187,28.52,29187,Saint Francois MO
29189,27.63,29189,Saint Louis MO
29195,27.09,29195,Saline MO
29197,27.27,29197,Schuyler MO
29199,27.27,29199,Scotland MO
29201,26.9,29201,Scott MO
29203,25.87,29203,Shannon MO
29205,27.27,29205,Shelby MO
29207,26.9,29207,Stoddard MO
29209,26.78,29209,Stone MO
29211,27.27,29211,Sullivan MO
29213,26.78,29213,Taney MO
29215,25.87,29215,Texas MO
29217,27.67,29217,Vernon MO
29219,28.42,29219,Warren MO
29221,28.42,29221,Washington MO
29223,26.9,29223,Wayne MO
29225,26.78,29225,Webster MO
29227,26.6,29227,Worth MO
29229,26.59,29229,Wright MO
29510,27.63,29510,Saint Louis City MO
30001,39.43,30001,Beaverhead MT
30003,39.43,30003,Big Horn MT
30005,39.43,30005,Blaine MT
30007,39.3,30007,Broadwater MT
30009,39.77,30009,Carbon MT
30011,39.43,30011,Carter MT
30013,39.3,30013,Cascade MT
30015,39.3,30015,Chouteau MT
30017,39.43,30017,Custer MT
30019,39.43,30019,Daniels MT
30021,39.43,30021,Dawson MT
30023,39.3,30023,Deer Lodge MT
30025,39.43,30025,Fallon MT
30027,39.43,30027,Fergus MT
30029,39.69,30029,Flathead MT
30031,39.3,30031,Gallatin MT
30033,39.43,30033,Garfield MT
30035,39.43,30035,Glacier MT
30037,39.43,30037,Golden Valley MT
30039,39.43,30039,Granite MT
30041,39.43,30041,Hill MT
30043,39.3,30043,Jefferson MT
30045,39.3,30045,Judith Basin MT
30047,39.69,30047,Lake MT
30049,39.3,30049,Lewis And Clark MT
30051,39.43,30051,Liberty MT
30053,39.43,30053,Lincoln MT
30055,39.43,30055,Mccone MT
30057,39.43,30057,Madison MT
30059,39.43,30059,Meagher MT
30061,39.43,30061,Mineral MT
30063,39.69,30063,Missoula MT
30065,39.77,30065,Musselshell MT
30067,39.43,30067,Park MT
30069,39.43,30069,Petroleum MT
30071,39.43,30071,Phillips MT
30073,39.43,30073,Pondera MT
30075,39.43,30075,Powder River MT
30077,39.43,30077,Powell MT
30079,39.43,30079,Prairie MT
30081,39.43,30081,Ravalli MT
30083,39.43,30083,Richland MT
30085,39.43,30085,Roosevelt MT
30087,39.43,30087,Rosebud MT
30089,39.43,30089,Sanders MT
30091,39.43,30091,Sheridan MT
30093,39.3,30093,Silver Bow MT
30095,39.77,30095,Stillwater MT
30097,39.77,30097,Sweet Grass MT
30099,39.3,30099,Teton MT
30101,39.43,30101,Toole MT
30103,39.43,30103,Treasure MT
30105,39.43,30105,Valley MT
30107,39.43,30107,Wheatland MT
30109,39.43,30109,Wibaux MT
30111,39.77,30111,Yellowstone MT
31001,27.2,31001,Adams NE
31003,27.2,31003,Antelope NE
31005,27.2,31005,Arthur NE
31007,27.2,31007,Banner NE
31009,27.2,31009,Blaine NE
31011,27.2,31011,Boone NE
31013,27.2,31013,Box Butte NE
31015,27.2,31015,Boyd NE
31017,27.2,31017,Brown NE
31019,27.2,31019,Buffalo NE
31021,28.5,31021,Burt NE
31023,27.2,31023,Butler NE
31025,28.5,31025,Cass NE
31027,27.2,31027,Cedar NE
31029,27.2,31029,Chase NE
31031,27.2,31031,Cherry NE
31033,27.2,31033,Cheyenne NE
31035,27.2,31035,Clay NE
31037,27.2,31037,Colfax NE
31039,27.2,31039,Cuming NE
31041,27.2,31041,Custer NE
31043,27.2,31043,Dakota NE
31045,27.2,31045,Dawes NE
31047,27.2,31047,Dawson NE
31049,27.2,31049,Deuel NE
31051,27.2,31051,Dixon NE
31053,28.5,31053,Dodge NE
31055,28.5,31055,Douglas NE
31057,27.2,31057,Dundy NE
31059,27.89,31059,Fillmore NE
31061,27.2,31061,Franklin NE
31063,27.2,31063,Frontier NE
31065,27.2,31065,Furnas NE
31067,27.89,31067,Gage NE
31069,27.2,31069,Garden NE
31071,27.2,31071,Garfield NE
31073,27.2,31073,Gosper NE
31075,27.2,31075,Grant NE
31077,27.2,31077,Greeley NE
31079,27.2,31079,Hall NE
31081,27.2,31081,Hamilton NE
31083,27.2,31083,Harlan NE
31085,27.2,31085,Hayes NE
31087,27.2,31087,Hitchcock NE
31089,27.2,31089,Holt NE
31091,27.2,31091,Hooker NE
31093,27.2,31093,Howard NE
31095,27.89,31095,Jefferson NE
31097,27.89,31097,Johnson NE
31099,27.2,31099,Kearney NE
31101,27.2,31101,Keith NE
31103,27.2,31103,Keya Paha NE
31105,27.2,31105,Kimball NE
31107,27.2,31107,Knox NE
31109,27.89,31109,Lancaster NE
31111,27.2,31111,Lincoln NE
31113,27.2,31113,Logan NE
31115,27.2,31115,Loup NE
31117,27.2,31117,Mcpherson NE
31119,27.2,31119,Madison NE
31121,27.2,31121,Merrick NE
31123,27.2,31123,Morrill NE
31125,27.2,31125,Nance NE
31127,27.89,31127,Nemaha NE
31129,27.2,31129,Nuckolls NE
31131,27.89,31131,Otoe NE
31133,27.89,31133,Pawnee NE
31135,27.2,31135,Perkins NE
31137,27.2,31137,Phelps NE
31139,27.2,31139,Pierce NE
31141,27.2,31141,Platte NE
31143,27.2,31143,Polk NE
31145,27.2,31145,Red Willow NE
31147,27.89,31147,Richardson NE
31149,27.2,31149,Rock NE
31151,27.89,31151,Saline NE
31153,28.5,31153,Sarpy NE
31155,28.5,31155,Saunders NE
31157,27.2,31157,Scotts Bluff NE
31159,27.89,31159,Seward NE
31161,27.2,31161,Sheridan NE
31163,27.2,31163,Sherman NE
31165,27.2,31165,Sioux NE
31167,27.2,31167,Stanton NE
31169,27.89,31169,Thayer NE
31171,27.2,31171,Thomas NE
31173,28.5,31173,Thurston NE
31175,27.2,31175,Valley NE
31177,28.5,31177,Washington NE
31179,27.2,31179,Wayne NE
31181,27.2,31181,Webster NE
31183,27.2,31183,Wheeler NE
31185,27.89,31185,York NE
32001,32.89,32001,Churchill NV
32003,26.67,32003,Clark NV
32005,33.47,32005,Douglas NV
32007,32.89,32007,Elko NV
32009,32.89,32009,Esmeralda NV
32011,32.89,32011,Eureka NV
32013,32.89,32013,Humboldt NV
32015,32.89,32015,Lander NV
32017,32.89,32017,Lincoln NV
32019,33.47,32019,Lyon NV
32021,32.89,32021,Mineral NV
32023,26.67,32023,Nye NV
32027,32.89,32027,Pershing NV
32029,33.47,32029,Storey NV
32031,32.09,32031,Washoe NV
32033,32.89,32033,White Pine NV
32510,33.47,32510,Carson City NV
33001,35.01,33001,Belknap NH
33003,35.01,33003,Carroll NH
33005,35.01,33005,Cheshire NH
33007,35.01,33007,Coos NH
33009,35.01,33009,Grafton NH
33011,35.01,33011,Hillsborough NH
33013,35.01,33013,Merrimack NH
33015,35.01,33015,Rockingham NH
33017,35.01,33017,Strafford NH
33019,35.01,33019,Sullivan NH
34001,31.82,34001,Atlantic NJ
34003,30.82,34003,Bergen NJ
34005,31.82,34005,Burlington NJ
34007,30.82,34007,Camden NJ
34009,31.82,34009,Cape May NJ
34011,31.82,34011,Cumberland NJ
34013,30.82,34013,Essex NJ
34015,31.82,34015,Gloucester NJ
34017,30.82,34017,Hudson NJ
34019,31.82,34019,Hunterdon NJ
34021,30.82,34021,Mercer NJ
34023,30.82,34023,Middlesex NJ
34025,30.82,34025,Monmouth NJ
34027,30.82,34027,Morris NJ
34029,30.82,34029,Ocean NJ
34031,30.82,34031,Passaic NJ
34033,31.82,34033,Salem NJ
34035,30.5,34035,Somerset NJ
34037,31.67,34037,Sussex NJ
34039,30.82,34039,Union NJ
34041,31.82,34041,Warren NJ
35001,26.85,35001,Bernalillo NM
35003,24.2,35003,Catron NM
35005,24.2,35005,Chaves NM
35006,24.2,35006,Cibola NM
35007,24.2,35007,Colfax NM
35009,24.2,35009,Curry NM
35011,24.2,35011,De Baca NM
35013,23.33,35013,Dona Ana NM
35015,24.2,35015,Eddy NM
35017,24.2,35017,Grant NM
35019,24.2,35019,Guadalupe NM
35021,24.2,35021,Harding NM
35023,24.2,35023,Hidalgo NM
35025,24.2,35025,Lea NM
35027,24.2,35027,Lincoln NM
35028,24.2,35028,Los Alamos NM
35029,24.2,35029,Luna NM
35031,24.2,35031,Mckinley NM
35033,24.2,35033,Mora NM
35035,24.2,35035,Otero NM
35037,24.2,35037,Quay NM
35039,24.2,35039,Rio Arriba NM
35041,24.2,35041,Roosevelt NM
35043,26.85,35043,Sandoval NM
35045,26.29,35045,San Juan NM
35047,24.2,35047,San Miguel NM
35049,26.95,35049,Santa Fe NM
35051,24.2,35051,Sierra NM
35053,24.2,35053,Socorro NM
35055,24.2,35055,Taos NM
35057,26.85,35057,Torrance NM
35059,24.2,35059,Union NM
35061,26.85,35061,Valencia NM
37001,34.18,37001,Alamance NC
37003,31.85,37003,Alexander NC
37005,31.77,37005,Alleghany NC
37007,34.26,37007,Anson NC
37009,34.05,37009,Ashe NC
37011,34.15,37011,Avery NC
37013,33.78,37013,Beaufort NC
37015,30.84,37015,Bertie NC
37017,32.33,37017,Bladen NC
37019,34.01,37019,Brunswick NC
37021,34.15,37021,Buncombe NC
37023,34.09,37023,Burke NC
37025,34.26,37025,Cabarrus NC
37027,34.09,37027,Caldwell NC
37029,30.84,37029,Camden NC
37031,33.78,37031,Carteret NC
37033,34.18,37033,Caswell NC
37035,31.85,37035,Catawba NC
37037,34.18,37037,Chatham NC
37039,32.18,37039,Cherokee NC
37041,33.24,37041,Chowan NC
37043,32.18,37043,Clay NC
37045,35.07,37045,Cleveland NC
37047,32.32,37047,Columbus NC
37049,33.78,37049,Craven NC
37051,32.33,37051,Cumberland NC
37053,30.84,37053,Currituck NC
37055,33.78,37055,Dare NC
37057,33.14,37057,Davidson NC
37059,33.14,37059,Davie NC
37061,32.32,37061,Duplin NC
37063,34.18,37063,Durham NC
37065,31.03,37065,Edgecombe NC
37067,33.14,37067,Forsyth NC
37069,34.47,37069,Franklin NC
37071,35.07,37071,Gaston NC
37073,30.84,37073,Gates NC
37075,32.18,37075,Graham NC
37077,33.45,37077,Granville NC
37079,31.03,37079,Greene NC
37081,33.59,37081,Guilford NC
37083,33.24,37083,Halifax NC
37085,32.33,37085,Harnett NC
37087,34.15,37087,Haywood NC
37089,34.15,37089,Henderson NC
37091,33.24,37091,Hertford NC
37093,32.33,37093,Hoke NC
37095,33.78,37095,Hyde NC
37097,31.85,37097,Iredell NC
37099,34.15,37099,Jackson NC
37101,34.47,37101,Johnston NC
37103,31.71,37103,Jones NC
37105,34.18,37105,Lee NC
37107,33.78,37107,Lenoir NC
37109,32.86,37109,Lincoln NC
37111,34.15,37111,Mcdowell NC
37113,34.15,37113,Macon NC
37115,34.15,37115,Madison NC
37117,33.24,37117,Martin NC
37119,36.36,37119,Mecklenburg NC
37121,34.15,37121,Mitchell NC
37123,32.34,37123,Montgomery NC
37125,32.34,37125,Moore NC
37127,31.03,37127,Nash NC
37129,34.01,37129,New Hanover NC
37131,30.84,37131,Northampton NC
37133,34.01,37133,Onslow NC
37135,34.18,37135,Orange NC
37137,33.78,37137,Pamlico NC
37139,30.84,37139,Pasquotank NC
37141,34.01,37141,Pender NC
37143,30.84,37143,Perquimans NC
37145,34.18,37145,Person NC
37147,33.45,37147,Pitt NC
37149,32.18,37149,Polk NC
37151,33.82,37151,Randolph NC
37153,32.82,37153,Richmond NC
37155,32.33,37155,Robeson NC
37157,33.59,37157,Rockingham NC
37159,34.95,37159,Rowan NC
37161,34.15,37161,Rutherford NC
37163,32.33,37163,Sampson NC
37165,32.33,37165,Scotland NC
37167,34.26,37167,Stanly NC
37169,33.14,37169,Stokes NC
37171,35.34,37171,Surry NC
37173,32.18,37173,Swain NC
37175,32.18,37175,Transylvania NC
37177,31.71,37177,Tyrrell NC
37179,34.95,37179,Union NC
37181,34.15,37181,Vance NC
37183,35.09,37183,Wake NC
37185,33.45,37185,Warren NC
37187,31.71,37187,Washington NC
37189,34.05,37189,Watauga NC
37191,31.03,37191,Wayne NC
37193,31.77,37193,Wilkes NC
37195,31.03,37195,Wilson NC
37197,33.14,37197,Yadkin NC
37199,34.15,37199,Yancey NC
38001,31.03,38001,Adams ND
38003,31.03,38003,Barnes ND
38005,31.03,38005,Benson ND
38007,31.03,38007,Billings ND
38009,31.03,38009,Bottineau ND
38011,31.03,38011,Bowman ND
38013,31.03,38013,Burke ND
38015,31.34,38015,Burleigh ND
38017,32.56,38017,Cass ND
38019,31.03,38019,Cavalier ND
38021,31.03,38021,Dickey ND
38023,31.03,38023,Divide ND
38025,31.03,38025,Dunn ND
38027,31.03,38027,Eddy ND
38029,31.03,38029,Emmons ND
38031,31.03,38031,Foster ND
38033,31.03,38033,Golden Valley ND
38035,30.73,38035,Grand Forks ND
38037,31.03,38037,Grant ND
38039,31.03,38039,Griggs ND
38041,31.03,38041,Hettinger ND
38043,31.03,38043,Kidder ND
38045,31.03,38045,Lamoure ND
38047,31.03,38047,Logan ND
38049,31.03,38049,Mchenry ND
38051,31.03,38051,Mcintosh ND
38053,31.03,38053,Mckenzie ND
38055,31.03,38055,Mclean ND
38057,31.03,38057,Mercer ND
38059,31.34,38059,Morton ND
38061,31.03,38061,Mountrail ND
38063,31.03,38063,Nelson ND
38065,31.03,38065,Oliver ND
38067,31.03,38067,Pembina ND
38069,31.03,38069,Pierce ND
38071,31.03,38071,Ramsey ND
38073,31.03,38073,Ransom ND
38075,31.03,38075,Renville ND
38077,31.03,38077,Richland ND
38079,31.03,38079,Rolette ND
38081,31.03,38081,Sargent ND
38083,31.03,38083,Sheridan ND
38085,31.03,38085,Sioux ND
38087,31.03,38087,Slope ND
38089,31.03,38089,Stark ND
38091,31.03,38091,Steele ND
38093,31.03,38093,Stutsman ND
38095,31.03,38095,Towner ND
38097,31.03,38097,Traill ND
38099,31.03,38099,Walsh ND
38101,31.03,38101,Ward ND
38103,31.03,38103,Wells ND
38105,31.03,38105,Williams ND
39001,25.98,39001,Adams OH
39003,25.01,39003,Allen OH
39005,26.7,39005,Ashland OH
39007,27.05,39007,Ashtabula OH
39009,25.03,39009,Athens OH
39011,25.01,39011,Auglaize OH
39013,24.47,39013,Belmont OH
39015,25.98,39015,Brown OH
39017,26.48,39017,Butler OH
39019,25.51,39019,Carroll OH
39021,25.65,39021,Champaign OH
39023,25.76,39023,Clark OH
39025,25.98,39025,Clermont OH
39027,25.98,39027,Clinton OH
39029,24.31,39029,Columbiana OH
39031,23.97,39031,Coshocton OH
39033,24.76,39033,Crawford OH
39035,27.05,39035,Cuyahoga OH
39037,25.65,39037,Darke OH
39039,26.3,39039,Defiance OH
39041,27.55,39041,Delaware OH
39043,25.38,39043,Erie OH
39045,27.55,39045,Fairfield OH
39047,27.55,39047,Fayette OH
39049,27.55,39049,Franklin OH
39051,26.26,39051,Fulton OH
39053,24.72,39053,Gallia OH
39055,27.05,39055,Geauga OH
39057,25.76,39057,Greene OH
39059,23.97,39059,Guernsey OH
39061,26.48,39061,Hamilton OH
39063,25.01,39063,Hancock OH
39065,24.51,39065,Hardin OH
39067,23.97,39067,Harrison OH
39069,26.26,39069,Henry OH
39071,25.98,39071,Highland OH
39073,24.55,39073,Hocking OH
39075,25.15,39075,Holmes OH
39077,25.38,39077,Huron OH
39079,24.27,39079,Jackson OH
39081,24.47,39081,Jefferson OH
39083,27.65,39083,Knox OH
39085,27.05,39085,Lake OH
39087,24.72,39087,Lawrence OH
39089,27.55,39089,Licking OH
39091,27.55,39091,Logan OH
39093,27.05,39093,Lorain OH
39095,26.26,39095,Lucas OH
39097,27.55,39097,Madison OH
39099,24.31,39099,Mahoning OH
39101,25.02,39101,Marion OH
39103,26.7,39103,Medina OH
39105,25.03,39105,Meigs OH
39107,25.01,39107,Mercer OH
39109,25.76,39109,Miami OH
39111,23.97,39111,Monroe OH
39113,25.76,39113,Montgomery OH
39115,23.97,39115,Morgan OH
39117,25.02,39117,Morrow OH
39119,24.47,39119,Muskingum OH
39121,23.97,39121,Noble OH
39123,25.38,39123,Ottawa OH
39125,24.51,39125,Paulding OH
39127,23.97,39127,Perry OH
39129,27.55,39129,Pickaway OH
39131,24.27,39131,Pike OH
39133,26.7,39133,Portage OH
39135,25.65,39135,Preble OH
39137,24.51,39137,Putnam OH
39139,24.76,39139,Richland OH
39141,24.72,39141,Ross OH
39143,25.38,39143,Sandusky OH
39145,24.72,39145,Scioto OH
39147,25.77,39147,Seneca OH
39149,25.65,39149,Shelby OH
39151,25.51,39151,Stark OH
39153,26.7,39153,Summit OH
39155,24.31,39155,Trumbull OH
39157,24.47,39157,Tuscarawas OH
39159,27.55,39159,Union OH
39161,25.01,39161,Van Wert OH
39163,24.27,39163,Vinton OH
39165,26.48,39165,Warren OH
39167,25.03,39167,Washington OH
39169,25.15,39169,Wayne OH
39171,26.26,39171,Williams OH
39173,26.26,39173,Wood OH
39175,25.38,39175,Wyandot OH
40001,28.73,40001,Adair OK
40003,28.73,40003,Alfalfa OK
40005,28.73,40005,Atoka OK
40007,28.73,40007,Beaver OK
40009,28.73,40009,Beckham OK
40011,28.73,40011,Blaine OK
40013,28.73,40013,Bryan OK
40015,28.73,40015,Caddo OK
40017,30.25,40017,Canadian OK
40019,28.73,40019,Carter OK
40021,28.73,40021,Cherokee OK
40023,28.73,40023,Choctaw OK
40025,28.73,40025,Cimarron OK
40027,30.25,40027,Cleveland OK
40029,28.73,40029,Coal OK
40031,28.56,40031,Comanche OK
40033,28.73,40033,Cotton OK
40035,28.73,40035,Craig OK
40037,29.42,40037,Creek OK
40039,28.73,40039,Custer OK
40041,28.73,40041,Delaware OK
40043,28.73,40043,Dewey OK
40045,28.73,40045,Ellis OK
40047,28.73,40047,Garfield OK
40049,28.73,40049,Garvin OK
40051,30.25,40051,Grady OK
40053,28.73,40053,Grant OK
40055,28.73,40055,Greer OK
40057,28.73,40057,Harmon OK
40059,28.73,40059,Harper OK
40061,28.73,40061,Haskell OK
40063,28.73,40063,Hughes OK
40065,28.73,40065,Jackson OK
40067,28.73,40067,Jefferson OK
40069,28.73,40069,Johnston OK
40071,28.73,40071,Kay OK
40073,28.73,40073,Kingfisher OK
40075,28.73,40075,Kiowa OK
40077,28.73,40077,Latimer OK
40079,27.81,40079,Le Flore OK
40081,30.25,40081,Lincoln OK
40083,30.25,40083,Logan OK
40085,28.73,40085,Love OK
40087,30.25,40087,Mcclain OK
40089,28.73,40089,Mccurtain OK
40091,28.73,40091,Mcintosh OK
40093,28.73,40093,Major OK
40095,28.73,40095,Marshall OK
40097,28.73,40097,Mayes OK
40099,28.73,40099,Murray OK
40101,28.73,40101,Muskogee OK
40103,28.73,40103,Noble OK
40105,28.73,40105,Nowata OK
40107,28.73,40107,Okfuskee OK
40109,30.25,40109,Oklahoma OK
40111,29.42,40111,Okmulgee OK
40113,29.42,40113,Osage OK
40115,28.73,40115,Ottawa OK
40117,29.42,40117,Pawnee OK
40119,28.73,40119,Payne OK
40121,28.73,40121,Pittsburg OK
40123,28.73,40123,Pontotoc OK
40125,28.73,40125,Pottawatomie OK
40127,28.73,40127,Pushmataha OK
40129,28.73,40129,Roger Mills OK
40131,29.42,40131,Rogers OK
40133,28.73,40133,Seminole OK
40135,27.81,40135,Sequoyah OK
40137,28.73,40137,Stephens OK
40139,28.73,40139,Texas OK
40141,28.73,40141,Tillman OK
40143,29.42,40143,Tulsa OK
40145,29.42,40145,Wagoner OK
40147,28.73,40147,Washington OK
40149,28.73,40149,Washita OK
40151,28.73,40151,Woods OK
40153,28.73,40153,Woodward OK
41001,36.89,41001,Baker OR
41003,33.49,41003,Benton OR
41005,33.52,41005,Clackamas OR
41007,37.26,41007,Clatsop OR
41009,33.49,41009,Columbia OR
41011,37.26,41011,Coos OR
41013,36.89,41013,Crook OR
41015,37.26,41015,Curry OR
41017,33.75,41017,Deschutes OR
41019,33.81,41019,Douglas OR
41021,36.89,41021,Gilliam OR
41023,36.89,41023,Grant OR
41025,36.89,41025,Harney OR
41027,32.33,41027,Hood River OR
41029,37.41,41029,Jackson OR
41031,37.51,41031,Jefferson OR
41033,33.81,41033,Josephine OR
41035,36.66,41035,Klamath OR
41037,36.66,41037,Lake OR
41039,34.08,41039,Lane OR
41041,37.78,41041,Lincoln OR
41043,33.49,41043,Linn OR
41045,36.89,41045,Malheur OR
41047,33.49,41047,Marion OR
41049,36.89,41049,Morrow OR
41051,33.52,41051,Multnomah OR
41053,33.49,41053,Polk OR
41055,36.89,41055,Sherman OR
41057,37.78,41057,Tillamook OR
41059,36.89,41059,Umatilla OR
41061,36.89,41061,Union OR
41063,36.89,41063,Wallowa OR
41065,32.66,41065,Wasco OR
41067,33.52,41067,Washington OR
41069,36.89,41069,Wheeler OR
41071,33.52,41071,Yamhill OR
42001,26.07,42001,Adams PA
42003,23.55,42003,Allegheny PA
42005,24.12,42005,Armstrong PA
42007,23.55,42007,Beaver PA
42009,23.56,42009,Bedford PA
42011,24.49,42011,Berks PA
42013,23.56,42013,Blair PA
42015,22.98,42015,Bradford PA
42017,27.15,42017,Bucks PA
42019,23.55,42019,Butler PA
42021,23.1,42021,Cambria PA
42023,22.75,42023,Cameron PA
42025,23.8,42025,Carbon PA
42027,23.62,42027,Centre PA
42029,27.15,42029,Chester PA
42031,23.09,42031,Clarion PA
42033,23.48,42033,Clearfield PA
42035,22.98,42035,Clinton PA
42037,23.62,42037,Columbia PA
42039,22.69,42039,Crawford PA
42041,25.0,42041,Cumberland PA
42043,25.0,42043,Dauphin PA
42045,27.15,42045,Delaware PA
42047,22.75,42047,Elk PA
42049,22.94,42049,Erie PA
42051,23.55,42051,Fayette PA
42053,23.04,42053,Forest PA
42055,25.98,42055,Franklin PA
42057,24.53,42057,Fulton PA
42059,23.55,42059,Greene PA
42061,23.18,42061,Huntingdon PA
42063,23.24,42063,Indiana PA
42065,23.48,42065,Jefferson PA
42067,24.9,42067,Juniata PA
42069,23.57,42069,Lackawanna PA
42071,24.49,42071,Lancaster PA
42073,23.24,42073,Lawrence PA
42075,25.65,42075,Lebanon PA
42077,23.89,42077,Lehigh PA
42079,23.57,42079,Luzerne PA
42081,22.98,42081,Lycoming PA
42083,23.04,42083,Mckean PA
42085,22.69,42085,Mercer PA
42087,24.03,42087,Mifflin PA
42089,24.13,42089,Monroe PA
42091,27.15,42091,Montgomery PA
42093,23.62,42093,Montour PA
42095,23.89,42095,Northampton PA
42097,24.2,42097,Northumberland PA
42099,24.53,42099,Perry PA
42101,27.15,42101,Philadelphia PA
42103,23.8,42103,Pike PA
42105,22.75,42105,Potter PA
42107,23.89,42107,Schuylkill PA
42109,24.2,42109,Snyder PA
42111,23.1,42111,Somerset PA
42113,23.54,42113,Sullivan PA
42115,23.8,42115,Susquehanna PA
42117,22.98,42117,Tioga PA
42119,24.03,42119,Union PA
42121,23.04,42121,Venango PA
42123,23.04,42123,Warren PA
42125,23.55,42125,Washington PA
42127,23.8,42127,Wayne PA
42129,23.55,42129,Westmoreland PA
42131,23.8,42131,Wyoming PA
42133,26.34,42133,York PA
45001,26.58,45001,Abbeville SC
45003,27.72,45003,Aiken SC
45005,27.57,45005,Allendale SC
45007,28.5,45007,Anderson SC
45009,26.0,45009,Bamberg SC
45011,27.57,45011,Barnwell SC
45013,25.81,45013,Beaufort SC
45015,27.1,45015,Berkeley SC
45017,26.0,45017,Calhoun SC
45019,27.1,45019,Charleston SC
45021,27.72,45021,Cherokee SC
45023,27.27,45023,Chester SC
45025,26.41,45025,Chesterfield SC
45027,27.72,45027,Clarendon SC
45029,27.1,45029,Colleton SC
45031,27.72,45031,Darlington SC
45033,25.3,45033,Dillon SC
45035,27.1,45035,Dorchester SC
45037,28.87,45037,Edgefield SC
45039,26.0,45039,Fairfield SC
45041,27.72,45041,Florence SC
45043,28.87,45043,Georgetown SC
45045,26.58,45045,Greenville SC
45047,27.72,45047,Greenwood SC
45049,25.81,45049,Hampton SC
45051,27.72,45051,Horry SC
45053,25.81,45053,Jasper SC
45055,26.0,45055,Kershaw SC
45057,27.72,45057,Lancaster SC
45059,26.58,45059,Laurens SC
45061,26.8,45061,Lee SC
45063,26.87,45063,Lexington SC
45065,27.57,45065,Mccormick SC
45067,25.3,45067,Marion SC
45069,25.82,45069,Marlboro SC
45071,26.8,45071,Newberry SC
45073,28.5,45073,Oconee SC
45075,26.8,45075,Orangeburg SC
45077,28.5,45077,Pickens SC
45079,27.85,45079,Richland SC
45081,26.8,45081,Saluda SC
45083,28.31,45083,Spartanburg SC
45085,28.39,45085,Sumter SC
45087,26.82,45087,Union SC
45089,25.82,45089,Williamsburg SC
45091,29.17,45091,York SC
46003,29.55,46003,Aurora SD
46005,29.55,46005,Beadle SD
46007,29.55,46007,Bennett SD
46009,29.55,46009,Bon Homme SD
46011,29.55,46011,Brookings SD
46013,29.55,46013,Brown SD
46015,29.55,46015,Brule SD
46017,29.55,46017,Buffalo SD
46019,29.55,46019,Butte SD
46021,29.55,46021,Campbell SD
46023,29.55,46023,Charles Mix SD
46025,29.55,46025,Clark SD
46027,29.76,46027,Clay SD
46029,29.55,46029,Codington SD
46031,29.55,46031,Corson SD
46033,29.55,46033,Custer SD
46035,29.55,46035,Davison SD
46037,29.55,46037,Day SD
46039,29.55,46039,Deuel SD
46041,29.55,46041,Dewey SD
46043,29.55,46043,Douglas SD
46045,29.55,46045,Edmunds SD
46047,29.55,46047,Fall River SD
46049,29.55,46049,Faulk SD
46051,29.55,46051,Grant SD
46053,29.55,46053,Gregory SD
46055,29.55,46055,Haakon SD
46057,29.55,46057,Hamlin SD
46059,29.55,46059,Hand SD
46061,29.55,46061,Hanson SD
46063,29.55,46063,Harding SD
46065,29.55,46065,Hughes SD
46067,29.55,46067,Hutchinson SD
46069,29.55,46069,Hyde SD
46071,29.55,46071,Jackson SD
46073,29.55,46073,Jerauld SD
46075,29.55,46075,Jones SD
46077,29.55,46077,Kingsbury SD
46079,29.76,46079,Lake SD
46081,29.55,46081,Lawrence SD
46083,29.76,46083,Lincoln SD
46085,29.55,46085,Lyman SD
46087,29.76,46087,Mccook SD
46089,29.55,46089,Mcpherson SD
46091,29.55,46091,Marshall SD
46093,29.55,46093,Meade SD
46095,29.55,46095,Mellette SD
46097,29.55,46097,Miner SD
46099,29.76,46099,Minnehaha SD
46101,29.76,46101,Moody SD
46103,29.55,46103,Pennington SD
46105,29.55,46105,Perkins SD
46107,29.55,46107,Potter SD
46109,29.55,46109,Roberts SD
46111,29.55,46111,Sanborn SD
46113,29.55,46113,Shannon SD
46115,29.55,46115,Spink SD
46117,29.55,46117,Stanley SD
46119,29.55,46119,Sully SD
46121,29.55,46121,Todd SD
46123,29.55,46123,Tripp SD
46125,29.76,46125,Turner SD
46127,29.76,46127,Union SD
46129,29.55,46129,Walworth SD
46135,29.55,46135,Yankton SD
46137,29.55,46137,Ziebach SD
47001,25.6,47001,Anderson TN
47003,25.37,47003,Bedford TN
47005,24.38,47005,Benton TN
47007,25.13,47007,Bledsoe TN
47009,25.08,47009,Blount TN
47011,25.13,47011,Bradley TN
47013,25.08,47013,Campbell TN
47015,25.22,47015,Cannon TN
47017,24.38,47017,Carroll TN
47019,25.47,47019,Carter TN
47021,26.47,47021,Cheatham TN
47023,24.38,47023,Chester TN
47025,25.6,47025,Claiborne TN
47027,25.22,47027,Clay TN
47029,25.08,47029,Cocke TN
47031,25.37,47031,Coffee TN
47033,24.38,47033,Crockett TN
47035,25.22,47035,Cumberland TN
47037,26.47,47037,Davidson TN
47039,24.38,47039,Decatur TN
47041,25.22,47041,Dekalb TN
47043,25.94,47043,Dickson TN
47045,24.38,47045,Dyer TN
47047,25.07,47047,Fayette TN
47049,25.22,47049,Fentress TN
47051,25.13,47051,Franklin TN
47053,24.38,47053,Gibson TN
47055,25.37,47055,Giles TN
47057,25.6,47057,Grainger TN
47059,25.47,47059,Greene TN
47061,25.13,47061,Grundy TN
47063,25.6,47063,Hamblen TN
47065,25.13,47065,Hamilton TN
47067,25.47,47067,Hancock TN
47069,24.38,47069,Hardeman TN
47071,24.38,47071,Hardin TN
47073,25.47,47073,Hawkins TN
47075,25.07,47075,Haywood TN
47077,24.38,47077,Henderson TN
47079,25.17,47079,Henry TN
47081,25.37,47081,Hickman TN
47083,25.37,47083,Houston TN
47085,25.37,47085,Humphreys TN
47087,25.22,47087,Jackson TN
47089,25.6,47089,Jefferson TN
47091,25.47,47091,Johnson TN
47093,25.08,47093,Knox TN
47095,24.38,47095,Lake TN
47097,25.07,47097,Lauderdale TN
47099,25.37,47099,Lawrence TN
47101,25.37,47101,Lewis TN
47103,25.37,47103,Lincoln TN
47105,25.08,47105,Loudon TN
47107,25.38,47107,Mcminn TN
47109,24.38,47109,Mcnairy TN
47111,25.22,47111,Macon TN
47113,24.38,47113,Madison TN
47115,25.13,47115,Marion TN
47117,25.37,47117,Marshall TN
47119,25.37,47119,Maury TN
47121,25.13,47121,Meigs TN
47123,25.08,47123,Monroe TN
47125,26.45,47125,Montgomery TN
47127,25.37,47127,Moore TN
47129,25.08,47129,Morgan TN
47131,24.38,47131,Obion TN
47133,25.22,47133,Overton TN
47135,25.37,47135,Perry TN
47137,25.22,47137,Pickett TN
47139,25.13,47139,Polk TN
47141,25.22,47141,Putnam TN
47143,25.13,47143,Rhea TN
47145,25.6,47145,Roane TN
47147,26.47,47147,Robertson TN
47149,26.47,47149,Rutherford TN
47151,25.08,47151,Scott TN
47153,25.13,47153,Sequatchie TN
47155,25.6,47155,Sevier TN
47157,25.07,47157,Shelby TN
47159,25.22,47159,Smith TN
47161,25.37,47161,Stewart TN
47163,25.47,47163,Sullivan TN
47165,26.47,47165,Sumner TN
47167,25.43,47167,Tipton TN
47169,26.47,47169,Trousdale TN
47171,25.47,47171,Unicoi TN
47173,25.08,47173,Union TN
47175,25.22,47175,Van Buren TN
47177,25.22,47177,Warren TN
47179,25.47,47179,Washington TN
47181,25.37,47181,Wayne TN
47183,24.38,47183,Weakley TN
47185,25.22,47185,White TN
47187,26.47,47187,Williamson TN
47189,26.47,47189,Wilson TN
48001,27.56,48001,Anderson TX
48003,27.56,48003,Andrews TX
48005,27.56,48005,Angelina TX
48007,26.36,48007,Aransas TX
48009,29.21,48009,Archer TX
48011,27.73,48011,Armstrong TX
48013,25.81,48013,Atascosa TX
48015,27.72,48015,Austin TX
48017,27.91,48017,Bailey TX
48019,25.81,48019,Bandera TX
48021,28.35,48021,Bastrop TX
48023,27.56,48023,Baylor TX
48025,27.56,48025,Bee TX
48027,26.73,48027,Bell TX
48029,25.81,48029,Bexar TX
48031,27.56,48031,Blanco TX
48033,27.91,48033,Borden TX
48035,27.56,48035,Bosque TX
48037,27.31,48037,Bowie TX
48039,27.72,48039,Brazoria TX
48041,27.42,48041,Brazos TX
48043,27.85,48043,Brewster TX
48045,27.91,48045,Briscoe TX
48047,27.56,48047,Brooks TX
48049,27.5,48049,Brown TX
48051,27.42,48051,Burleson TX
48053,27.56,48053,Burnet TX
48055,28.35,48055,Caldwell TX
48057,27.14,48057,Calhoun TX
48059,26.87,48059,Callahan TX
48061,26.33,48061,Cameron TX
48063,27.56,48063,Camp TX
48065,27.73,48065,Carson TX
48067,27.56,48067,Cass TX
48069,27.91,48069,Castro TX
48071,27.72,48071,Chambers TX
48073,27.56,48073,Cherokee TX
48075,27.5,48075,Childress TX
48077,29.21,48077,Clay TX
48079,27.91,48079,Cochran TX
48081,27.91,48081,Coke TX
48083,27.56,48083,Coleman TX
48085,28.19,48085,Collin TX
48087,27.91,48087,Collingsworth TX
48089,27.56,48089,Colorado TX
48091,25.81,48091,Comal TX
48093,27.5,48093,Comanche TX
48095,27.91,48095,Concho TX
48097,27.56,48097,Cooke TX
48099,26.73,48099,Coryell TX
48101,27.5,48101,Cottle TX
48103,27.56,48103,Crane TX
48105,27.5,48105,Crockett TX
48107,26.99,48107,Crosby TX
48109,27.85,48109,Culberson TX
48111,27.91,48111,Dallam TX
48113,28.19,48113,Dallas TX
48115,27.56,48115,Dawson TX
48117,27.56,48117,Deaf Smith TX
48119,28.88,48119,Delta TX
48121,28.19,48121,Denton TX
48123,27.91,48123,De Witt TX
48125,27.91,48125,Dickens TX
48127,27.56,48127,Dimmit TX
48129,27.91,48129,Donley TX
48131,27.91,48131,Duval TX
48133,27.56,48133,Eastland TX
48135,26.86,48135,Ector TX
48137,27.85,48137,Edwards TX
48139,28.19,48139,Ellis TX
48141,26.8,48141,El Paso TX
48143,27.56,48143,Erath TX
48145,26.92,48145,Falls TX
48147,27.56,48147,Fannin TX
48149,27.56,48149,Fayette TX
48151,27.56,48151,Fisher TX
48153,27.56,48153,Floyd TX
48155,27.85,48155,Foard TX
48157,27.72,48157,Fort Bend TX
48159,27.56,48159,Franklin TX
48161,27.56,48161,Freestone TX
48163,27.56,48163,Frio TX
48165,27.56,48165,Gaines TX
48167,27.72,48167,Galveston TX
48169,27.56,48169,Garza TX
48171,27.56,48171,Gillespie TX
48173,27.91,48173,Glasscock TX
48175,27.22,48175,Goliad TX
48177,27.56,48177,Gonzales TX
48179,27.56,48179,Gray TX
48181,28.56,48181,Grayson TX
48183,27.17,48183,Gregg TX
48185,27.56,48185,Grimes TX
48187,25.81,48187,Guadalupe TX
48189,27.56,48189,Hale TX
48191,27.91,48191,Hall TX
48193,27.56,48193,Hamilton TX
48195,27.91,48195,Hansford TX
48197,27.5,48197,Hardeman TX
48199,25.65,48199,Hardin TX
48201,27.72,48201,Harris TX
48203,27.56,48203,Harrison TX
48205,27.91,48205,Hartley TX
48207,27.56,48207,Haskell TX
48209,28.35,48209,Hays TX
48211,27.91,48211,Hemphill TX
48213,27.56,48213,Henderson TX
48215,26.33,48215,Hidalgo TX
48217,27.56,48217,Hill TX
48219,27.56,48219,Hockley TX
48221,26.92,48221,Hood TX
48223,27.56,48223,Hopkins TX
48225,27.56,48225,Houston TX
48227,27.56,48227,Howard TX
48229,27.91,48229,Hudspeth TX
48231,28.88,48231,Hunt TX
48233,27.56,48233,Hutchinson TX
48235,27.41,48235,Irion TX
48237,27.56,48237,Jack TX
48239,27.5,48239,Jackson TX
48241,27.5,48241,Jasper TX
48243,27.85,48243,Jeff Davis TX
48245,25.65,48245,Jefferson TX
48247,27.56,48247,Jim Hogg TX
48249,27.56,48249,Jim Wells TX
48251,28.19,48251,Johnson TX
48253,26.87,48253,Jones TX
48255,27.56,48255,Karnes TX
48257,28.19,48257,Kaufman TX
48259,25.81,48259,Kendall TX
48261,27.56,48261,Kenedy TX
48263,27.91,48263,Kent TX
48265,27.56,48265,Kerr TX
48267,27.56,48267,Kimble TX
48269,27.91,48269,King TX
48271,27.85,48271,Kinney TX
48273,27.56,48273,Kleberg TX
48275,27.91,48275,Knox TX
48277,27.56,48277,Lamar TX
48279,27.56,48279,Lamb TX
48281,26.73,48281,Lampasas TX
48283,27.56,48283,La Salle TX
48285,27.56,48285,Lavaca TX
48287,27.56,48287,Lee TX
48289,27.56,48289,Leon TX
48291,27.72,48291,Liberty TX
48293,27.56,48293,Limestone TX
48295,27.85,48295,Lipscomb TX
48297,27.56,48297,Live Oak TX
48299,27.56,48299,Llano TX
48301,27.91,48301,Loving TX
48303,26.99,48303,Lubbock TX
48305,27.56,48305,Lynn TX
48307,27.91,48307,Mcculloch TX
48309,25.8,48309,Mclennan TX
48311,27.56,48311,Mcmullen TX
48313,27.56,48313,Madison TX
48315,27.56,48315,Marion TX
48317,27.56,48317,Martin TX
48319,27.56,48319,Mason TX
48321,27.56,48321,Matagorda TX
48323,27.5,48323,Maverick TX
48325,25.81,48325,Medina TX
48327,27.91,48327,Menard TX
48329,26.86,48329,Midland TX
48331,27.56,48331,Milam TX
48333,27.56,48333,Mills TX
48335,27.56,48335,Mitchell TX
48337,27.56,48337,Montague TX
48339,27.72,48339,Montgomery TX
48341,27.56,48341,Moore TX
48343,27.56,48343,Morris TX
48345,27.91,48345,Motley TX
48347,27.56,48347,Nacogdoches TX
48349,26.92,48349,Navarro TX
48351,27.5,48351,Newton TX
48353,27.56,48353,Nolan TX
48355,26.36,48355,Nueces TX
48357,27.85,48357,Ochiltree TX
48359,27.91,48359,Oldham TX
48361,26.12,48361,Orange TX
48363,26.92,48363,Palo Pinto TX
48365,27.56,48365,Panola TX
48367,28.19,48367,Parker TX
48369,27.5,48369,Parmer TX
48371,27.91,48371,Pecos TX
48373,27.56,48373,Polk TX
48375,27.39,48375,Potter TX
48377,27.85,48377,Presidio TX
48379,27.56,48379,Rains TX
48381,27.39,48381,Randall TX
48383,27.91,48383,Reagan TX
48385,27.56,48385,Real TX
48387,27.56,48387,Red River TX
48389,27.91,48389,Reeves TX
48391,27.56,48391,Refugio TX
48393,27.91,48393,Roberts TX
48395,27.42,48395,Robertson TX
48397,28.19,48397,Rockwall TX
48399,27.56,48399,Runnels TX
48401,27.17,48401,Rusk TX
48403,27.5,48403,Sabine TX
48405,27.56,48405,San Augustine TX
48407,27.72,48407,San Jacinto TX
48409,26.36,48409,San Patricio TX
48411,27.56,48411,San Saba TX
48413,27.85,48413,Schleicher TX
48415,27.5,48415,Scurry TX
48417,27.91,48417,Shackelford TX
48419,27.56,48419,Shelby TX
48421,27.91,48421,Sherman TX
48423,27.17,48423,Smith TX
48425,26.92,48425,Somervell TX
48427,27.56,48427,Starr TX
48429,27.56,48429,Stephens TX
48431,27.91,48431,Sterling TX
48433,27.91,48433,Stonewall TX
48435,27.85,48435,Sutton TX
48437,27.56,48437,Swisher TX
48439,28.19,48439,Tarrant TX
48441,26.87,48441,Taylor TX
48443,27.85,48443,Terrell TX
48445,27.56,48445,Terry TX
48447,27.91,48447,Throckmorton TX
48449,27.56,48449,Titus TX
48451,27.33,48451,Tom Green TX
48453,28.35,48453,Travis TX
48455,27.56,48455,Trinity TX
48457,27.56,48457,Tyler TX
48459,27.17,48459,Upshur TX
48461,27.91,48461,Upton TX
48463,27.56,48463,Uvalde TX
48465,27.85,48465,Val Verde TX
48467,27.56,48467,Van Zandt TX
48469,27.14,48469,Victoria TX
48471,27.56,48471,Walker TX
48473,27.72,48473,Waller TX
48475,27.56,48475,Ward TX
48477,27.56,48477,Washington TX
48479,26.99,48479,Webb TX
48481,27.56,48481,Wharton TX
48483,27.91,48483,Wheeler TX
48485,28.76,48485,Wichita TX
48487,27.5,48487,Wilbarger TX
48489,27.56,48489,Willacy TX
48491,28.35,48491,Williamson TX
48493,25.81,48493,Wilson TX
48495,27.56,48495,Winkler TX
48497,28.88,48497,Wise TX
48499,27.56,48499,Wood TX
48501,27.5,48501,Yoakum TX
48503,27.56,48503,Young TX
48505,27.56,48505,Zapata TX
48507,27.91,48507,Zavala TX
49001,26.27,49001,Beaver UT
49003,26.78,49003,Box Elder UT
49005,27.06,49005,Cache UT
49007,26.43,49007,Carbon UT
49009,26.27,49009,Daggett UT
49011,27.06,49011,Davis UT
49013,26.43,49013,Duchesne UT
49015,26.43,49015,Emery UT
49017,26.27,49017,Garfield UT
49019,26.27,49019,Grand UT
49021,26.23,49021,Iron UT
49023,26.43,49023,Juab UT
49025,26.27,49025,Kane UT
49027,26.43,49027,Millard UT
49029,26.78,49029,Morgan UT
49031,26.27,49031,Piute UT
49033,27.06,49033,Rich UT
49035,27.06,49035,Salt Lake UT
49037,26.27,49037,San Juan UT
49039,26.43,49039,Sanpete UT
49041,26.43,49041,Sevier UT
49043,27.95,49043,Summit UT
49045,27.95,49045,Tooele UT
49047,26.43,49047,Uintah UT
49049,25.94,49049,Utah UT
49051,27.95,49051,Wasatch UT
49053,26.23,49053,Washington UT
49055,26.27,49055,Wayne UT
49057,26.04,49057,Weber UT
51001,25.63,51001,Accomack VA
51003,25.82,51003,Albemarle VA
51005,26.03,51005,Alleghany VA
51007,25.94,51007,Amelia VA
51009,25.55,51009,Amherst VA
51011,25.25,51011,Appomattox VA
51013,27.18,51013,Arlington VA
51015,26.03,51015,Augusta VA
51017,25.63,51017,Bath VA
51019,25.55,51019,Bedford VA
51021,26.95,51021,Bland VA
51023,25.86,51023,Botetourt VA
51025,25.63,51025,Brunswick VA
51027,26.38,51027,Buchanan VA
51029,25.63,51029,Buckingham VA
51031,27.78,51031,Campbell VA
51033,25.94,51033,Caroline VA
51035,28.45,51035,Carroll VA
51036,25.94,51036,Charles City VA
51037,25.63,51037,Charlotte VA
51041,25.94,51041,Chesterfield VA
51043,26.52,51043,Clarke VA
51045,25.86,51045,Craig VA
51047,25.63,51047,Culpeper VA
51049,25.94,51049,Cumberland VA
51051,26.38,51051,Dickenson VA
51053,25.94,51053,Dinwiddie VA
51057,25.63,51057,Essex VA
51059,27.31,51059,Fairfax VA
51061,26.52,51061,Fauquier VA
51063,27.51,51063,Floyd VA
51065,25.39,51065,Fluvanna VA
51067,28.21,51067,Franklin VA
51069,25.92,51069,Frederick VA
51071,28.2,51071,Giles VA
51073,25.56,51073,Gloucester VA
51075,25.94,51075,Goochland VA
51077,28.45,51077,Grayson VA
51079,25.39,51079,Greene VA
51081,25.63,51081,Greensville VA
51083,25.63,51083,Halifax VA
51085,25.94,51085,Hanover VA
51087,25.94,51087,Henrico VA
51089,28.45,51089,Henry VA
51091,25.63,51091,Highland VA
51093,25.56,51093,Isle Of Wight VA
51095,25.56,51095,James City VA
51097,25.94,51097,King And Queen VA
51099,25.63,51099,King George VA
51101,25.94,51101,King William VA
51103,25.63,51103,Lancaster VA
51105,26.95,51105,Lee VA
51107,27.31,51107,Loudoun VA
51109,25.94,51109,Louisa VA
51111,25.63,51111,Lunenburg VA
51113,25.63,51113,Madison VA
51115,25.56,51115,Mathews VA
51117,25.63,51117,Mecklenburg VA
51119,25.63,51119,Middlesex VA
51121,28.2,51121,Montgomery VA
51125,25.39,51125,Nelson VA
51127,25.94,51127,New Kent VA
51131,25.63,51131,Northampton VA
51133,25.63,51133,Northumberland VA
51135,25.63,51135,Nottoway VA
51137,25.63,51137,Orange VA
51139,25.63,51139,Page VA
51141,27.51,51141,Patrick VA
51143,26.39,51143,Pittsylvania VA
51145,25.94,51145,Powhatan VA
51147,25.63,51147,Prince Edward VA
51149,25.94,51149,Prince George VA
51153,27.31,51153,Prince William VA
51155,28.2,51155,Pulaski VA
51157,25.63,51157,Rappahannock VA
51159,25.63,51159,Richmond VA
51161,28.21,51161,Roanoke VA
51163,26.03,51163,Rockbridge VA
51165,25.46,51165,Rockingham VA
51167,26.38,51167,Russell VA
51169,25.63,51169,Scott VA
51171,25.63,51171,Shenandoah VA
51173,26.95,51173,Smyth VA
51175,25.63,51175,Southampton VA
51177,26.52,51177,Spotsylvania VA
51179,26.52,51179,Stafford VA
51181,25.56,51181,Surry VA
51183,25.94,51183,Sussex VA
51185,26.95,51185,Tazewell VA
51187,26.52,51187,Warren VA
51191,26.15,51191,Washington VA
51193,25.63,51193,Westmoreland VA
51195,26.38,51195,Wise VA
51197,28.45,51197,Wythe VA
51199,25.56,51199,York VA
51510,27.18,51510,Alexandria City VA
51515,25.55,51515,Bedford City VA
51520,26.15,51520,Bristol VA
51530,26.03,51530,Buena Vista City VA
51540,25.39,51540,Charlottesville City VA
51550,25.56,51550,Chesapeake City VA
51570,25.94,51570,Colonial Heights City VA
51580,26.03,51580,Covington City VA
51590,25.95,51590,Danville City VA
51595,25.63,51595,Emporia City VA
51600,27.18,51600,Fairfax City VA
51610,27.18,51610,Falls Church City VA
51620,25.63,51620,Franklin City VA
51630,26.52,51630,Fredericksburg City VA
51640,27.51,51640,Galax City VA
51650,25.56,51650,Hampton City VA
51660,26.68,51660,Harrisonburg City VA
51670,25.94,51670,Hopewell City VA
51678,26.03,51678,Lexington City VA
51680,25.55,51680,Lynchburg City VA
51683,26.52,51683,Manassas City VA
51685,26.52,51685,Manassas Park City VA
51690,28.45,51690,Martinsville City VA
51700,25.56,51700,Newport News City VA
51710,25.56,51710,Norfolk City VA
51720,26.38,51720,Norton City VA
51730,25.94,51730,Petersburg City VA
51735,25.56,51735,Poquoson City VA
51740,25.56,51740,Portsmouth City VA
51750,28.2,51750,Radford VA
51760,25.94,51760,Richmond City VA
51770,28.21,51770,Roanoke City VA
51775,28.21,51775,Salem VA
51790,26.03,51790,Staunton City VA
51800,25.56,51800,Suffolk City VA
51810,25.56,51810,Virginia Beach City VA
51820,26.03,51820,Waynesboro City VA
51830,25.56,51830,Williamsburg City VA
51840,25.92,51840,Winchester City VA
54001,22.04,54001,Barbour WV
54003,25.15,54003,Berkeley WV
54005,22.81,54005,Boone WV
54007,22.69,54007,Braxton WV
54009,25.15,54009,Brooke WV
54011,22.55,54011,Cabell WV
54013,22.69,54013,Calhoun WV
54015,22.69,54015,Clay WV
54017,21.88,54017,Doddridge WV
54019,22.69,54019,Fayette WV
54021,21.88,54021,Gilmer WV
54023,22.37,54023,Grant WV
54025,22.69,54025,Greenbrier WV
54027,22.37,54027,Hampshire WV
54029,25.15,54029,Hancock WV
54031,22.37,54031,Hardy WV
54033,22.04,54033,Harrison WV
54035,22.13,54035,Jackson WV
54037,25.15,54037,Jefferson WV
54039,23.78,54039,Kanawha WV
54041,21.88,54041,Lewis WV
54043,22.81,54043,Lincoln WV
54045,22.81,54045,Logan WV
54047,22.81,54047,Mcdowell WV
54049,21.88,54049,Marion WV
54051,25.15,54051,Marshall WV
54053,22.55,54053,Mason WV
54055,23.58,54055,Mercer WV
54057,22.37,54057,Mineral WV
54059,22.81,54059,Mingo WV
54061,21.88,54061,Monongalia WV
54063,23.58,54063,Monroe WV
54065,22.37,54065,Morgan WV
54067,22.69,54067,Nicholas WV
54069,25.15,54069,Ohio WV
54071,22.37,54071,Pendleton WV
54073,22.13,54073,Pleasants WV
54075,22.04,54075,Pocahontas WV
54077,22.04,54077,Preston WV
54079,22.55,54079,Putnam WV
54081,23.58,54081,Raleigh WV
54083,22.04,54083,Randolph WV
54085,22.13,54085,Ritchie WV
54087,22.69,54087,Roane WV
54089,23.58,54089,Summers WV
54091,22.04,54091,Taylor WV
54093,22.04,54093,Tucker WV
54095,22.13,54095,Tyler WV
54097,22.04,54097,Upshur WV
54099,22.55,54099,Wayne WV
54101,22.04,54101,Webster WV
54103,21.88,54103,Wetzel WV
54105,22.13,54105,Wirt WV
54107,22.13,54107,Wood WV
54109,22.81,54109,Wyoming WV
55001,31.82,55001,Adams WI
55003,31.62,55003,Ashland WI
55005,31.84,55005,Barron WI
55007,31.62,55007,Bayfield WI
55009,32.39,55009,Brown WI
55011,31.72,55011,Buffalo WI
55013,31.41,55013,Burnett WI
55015,32.41,55015,Calumet WI
55017,32.0,55017,Chippewa WI
55019,31.62,55019,Clark WI
55021,31.99,55021,Columbia WI
55023,31.78,55023,Crawford WI
55025,32.29,55025,Dane WI
55027,32.8,55027,Dodge WI
55029,32.79,55029,Door WI
55031,31.62,55031,Douglas WI
55033,31.72,55033,Dunn WI
55035,32.0,55035,Eau Claire WI
55037,31.81,55037,Florence WI
55039,32.41,55039,Fond Du Lac WI
55041,31.81,55041,Forest WI
55043,31.78,55043,Grant WI
55045,31.99,55045,Green WI
55047,31.82,55047,Green Lake WI
55049,30.79,55049,Iowa WI
55051,32.09,55051,Iron WI
55053,31.72,55053,Jackson WI
55055,31.99,55055,Jefferson WI
55057,31.82,55057,Juneau WI
55059,32.16,55059,Kenosha WI
55061,32.39,55061,Kewaunee WI
55063,31.72,55063,La Crosse WI
55065,30.79,55065,Lafayette WI
55067,32.09,55067,Langlade WI
55069,32.27,55069,Lincoln WI
55071,32.79,55071,Manitowoc WI
55073,32.27,55073,Marathon WI
55075,32.79,55075,Marinette WI
55077,31.82,55077,Marquette WI
55078,32.39,55078,Menominee WI
55079,31.48,55079,Milwaukee WI
55081,31.72,55081,Monroe WI
55083,32.39,55083,Oconto WI
55085,32.09,55085,Oneida WI
55087,32.41,55087,Outagamie WI
55089,31.86,55089,Ozaukee WI
55091,31.72,55091,Pepin WI
55093,32.62,55093,Pierce WI
55095,32.62,55095,Polk WI
55097,31.96,55097,Portage WI
55099,31.84,55099,Price WI
55101,32.16,55101,Racine WI
55103,31.82,55103,Richland WI
55105,31.99,55105,Rock WI
55107,31.84,55107,Rusk WI
55109,32.62,55109,Saint Croix WI
55111,31.82,55111,Sauk WI
55113,31.62,55113,Sawyer WI
55115,32.39,55115,Shawano WI
55117,32.8,55117,Sheboygan WI
55119,31.84,55119,Taylor WI
55121,31.72,55121,Trempealeau WI
55123,31.78,55123,Vernon WI
55125,32.09,55125,Vilas WI
55127,31.99,55127,Walworth WI
55129,31.41,55129,Washburn WI
55131,31.86,55131,Washington WI
55133,31.86,55133,Waukesha WI
55135,32.41,55135,Waupaca WI
55137,32.41,55137,Waushara WI
55139,32.41,55139,Winnebago WI
55141,32.27,55141,Wood WI
56001,33.76,56001,Albany WY
56003,33.76,56003,Big Horn WY
56005,33.76,56005,Campbell WY
56007,33.76,56007,Carbon WY
56009,33.76,56009,Converse WY
56011,33.76,56011,Crook WY
56013,33.76,56013,Fremont WY
56015,33.76,56015,Goshen WY
56017,33.76,56017,Hot Springs WY
56019,33.76,56019,Johnson WY
56021,33.76,56021,Laramie WY
56023,33.76,56023,Lincoln WY
56025,33.76,56025,Natrona WY
56027,33.76,56027,Niobrara WY
56029,33.76,56029,Park WY
56031,33.76,56031,Platte WY
56033,33.76,56033,Sheridan WY
56035,33.76,56035,Sublette WY
56037,33.76,56037,Sweetwater WY
56039,33.76,56039,Teton WY
56041,33.76,56041,Uinta WY
56043,33.76,56043,Washakie WY
56045,33.76,56045,Weston WY
